id,body,picture,actor,time,class,correct ids
0,The spiralizer got some use for brunch today! #cleaneating #veggielife,20170212_152905108_iOS.jpg,coachmatthews,-20:35:00,cohort,
1,GORGEOUS spread at Saigon House for my sister's b-day dinner!,IMAG0003.jpg,coachmatthews,-11:13:00,cohort,
2,"These tilapia fillets are CRAZY easy and super healthy! Just a sprinkle of dried dill, a squeeze of lemon, and 15 minutes in the oven!",IMG_20170105_192151.jpg,coachmatthews,-0:45:00,cohort,
3,When the light on the porch is so perfect it makes your leftovers look gourmet...,james-harris-228578.jpeg,coachmatthews,3:16,cohort,
4,Mr. Matthews got me this hanger for my bananas... It's only been a day but I think they're already less beat-up than they would normally be!  Three cheers for modern technology.,IMG_0440.JPG,coachmatthews,7:00,cohort,
5,Woke up late and only had time to grab one of these for breakfast. Can you say accidental splurge?,20130726_145708000_iOS.jpg,coachmatthews,16:04:00,cohort,
6,One of the moms from my K-2 class made these adorable pig cookies! How cute are they?!,20131118_154942000_iOS.jpg,coachmatthews,27:17:00,cohort,
7,"""pizza"" on zucchini slices is actually amazing! Love these easy low carb dinners.",20130721_000546845_iOS.jpg,coachmatthews,29:20:00,cohort,
8,can you believe how beautiful these farmer's market apples are? There are actually four or five different kinds here but I totally forget what they're called.,IMG_20141011_103027.jpg,coachmatthews,32:45:00,cohort,
9,can you believe how beautiful these farmer's market apples are? There are actually four or five different kinds here but I totally forget what they're called.,IMG_20140501_112920.jpg,coachmatthews,38:44:00,cohort,
10,nice layers,eaters-collective-172257.jpeg,M.Kapadia92,-22:40:00,cohort,
11,sprinkle and dot,IMG_1317.JPG,M.Kapadia92,-19:20:00,cohort,
12,a flaky feast,kowalewski-4.jpeg,M.Kapadia92,-16:59:00,cohort,
13,nice light for lettuce,krzysztof-112.jpeg,M.Kapadia92,4:00,cohort,
14,strongly recommend this raspberry tart @ Copatelli's,krzysztof-113.jpeg,M.Kapadia92,6:40,cohort,
15,perfect baguette,petradr-748.jpeg,M.Kapadia92,9:20,cohort,
16,working breakfast,zach-miles-229108.jpeg,M.Kapadia92,19:20,cohort,
17,swordfish n broccoli rabe,alex-munsell-18756.jpeg,M.Kapadia92,22:45,cohort,
18,mom's favorite,toa-heftiba-88630.jpeg,M.Kapadia92,36:10:00,cohort,
19,great fry presentation @ Avanti on 8th av,stephanie-mccabe-92136.jpeg,M.Kapadia92,39:25:00,cohort,
20,hidden strawberry üçì,kowalewski-8.jpeg,M.Kapadia92,28:34:00,cohort,
21,light lunch,krzysztof-98.jpeg,M.Kapadia92,30:00:00,cohort,
22,"extra cinnamon on my chai, please! <3 ‚òï",102_1402.JPG,ancho-n-cayenne,-3:30:00,cohort,
23,the fries were so-so but the pulled pork & fried onion sandwich was stellar!,brandon-morgan-19496.jpeg,ancho-n-cayenne,-20:41:00,cohort,
24,zesty greek chickpea salad!,IMG_0552.JPG,ancho-n-cayenne,-1:40:00,cohort,
25,This ragout was so rich and meaty!,IMG_0315.jpg,ancho-n-cayenne,2:45,cohort,
26,loved this spicy bratwurst lunch!,IMG_20170404_182858.jpg,ancho-n-cayenne,11:39:00,cohort,
27,the filters on this chai are egregious but it was sooooooooooooo good!,kowalewski-5.jpeg,ancho-n-cayenne,18:55:00,cohort,
28,spicy breakfast hash <33333,IMG_20170513_105531.jpg,ancho-n-cayenne,38:41:00,cohort,
29,pretty good Thai pork! could have used more chiles but I'm still a fan.,IMG_20170527_192058.jpg,ancho-n-cayenne,40:04:00,cohort,
30,"it doesn't look like it, but this ramen was amazingly spicy! I think they also added some saffron to the broth too, there was something unusual in there... üçú ‚ù§Ô∏è",matthew-hamilton-160833.jpeg,ancho-n-cayenne,42:03:00,cohort,
31,pro tip: alternate between garlic parm n spicy buffalo for a life-changing taste sensation,IMG_20170602_173837.jpg,localewis,-9:08:00,cohort,
32,staying up til 3 to close the bar? this is what u need.,IMG_20170220_075706.jpg,localewis,-4:09:00,cohort,
33,pancakes... my mom would be so proud lol,IMG_20170216_213349.jpg,localewis,11:14,cohort,
34,real cheeseburger or imposter? u guys decide,IMG_20160711_220819.jpg,localewis,19:02,cohort,
35,ya boy made spaghetti! looks like hair haha,IMG_20170107_172633.jpg,localewis,38:10:00,cohort,
36,that pasta from before all cooked up n ready for sauce,IMG_20161230_213314.jpg,localewis,39:11:00,cohort,
37,look at what my bro got in england lol,IMG_20160928_124145.jpg,localewis,12:50:00,cohort,
38,"forgot to show the pics yesterday but when i made spaghetti i also made lasagna noodles, check out this cheese monster haha",IMG_20161231_215927.jpg,localewis,35:13:00,cohort,
39,every sandwich is better with fries in it lol,IMG_20160725_141010.jpg,localewis,-18:04:00,cohort,
40,chunky or creamy? im a chunky man myself,IMG_20160702_153102.jpg,localewis,3:58:00,cohort,
43,"Look at these freaking adorable hand pies!! I really want to know what's in them, there was no sign on the display!",IMG_20131025_104912.jpg,casssssssssie,-10:25:00,cohort,
56,"For Christmas, i made ""The Cookies"" from Alison Roman that the internet has been freaking out about during quaratine. Gotta say. THEY. WERE. AWESOME. ",209385fkgjwlkdjfg.jpg,casssssssssie,-8:42:00,cohort,
57,"when your pizza gets squished on the way... don't worry, the garlic sauce was still intact! üçï",IMG_4490.JPG,tastyrobot,-12:01:00,normal,
58,donuts for lunch üç© üç© üç©,20131220_202240000_iOS.jpg,tastyrobot,12:02,normal,
59,can you believe this popsicle! anyway I thought it was going to be strawberry but it was actually bubblegum üòû,IMG_20130802_220459.jpg,tastyrobot,36:03:00,normal,
60,sad desk lunch? Just put it on a fancy plate! üòÇ,IMG_20141116_112139.jpg,tastyrobot,28:34:00,normal,
61,"desk coffee counts as food, right? ",IMG_5107.JPG,ria_camiii,-13:15:00,normal,
62,homemade popsicle! this one is lemonade with cucumber. #refreshing,IMG_20160528_142024253.jpg,ria_camiii,11:16,normal,
63,A first for me: cake with marshmallow cream frosting. The cake is somewhat less sweet to offset the sweetness of the icing. Definitely trying this one myself!,IMG_1240.JPG,ria_camiii,35:17:00,normal,
64,andother #homemade popsicle! this one is blueberry and cream. I need classier popsicle holders though... you can tell these are made for little kids...,IMG_20160604_170347434.jpg,ria_camiii,18:59:00,normal,
65,"sweet peppers and three different kinds of sausage: chorizo, bratwurst, blood sausage. I did not take ap icture of it when it was cooked but the blood sausage tastes almost like a hot dog only it has a crumbly texture inside",1438450869408.jpg,SnakeCharmer,-14:19:00,normal,
66,"when you want ramen üçú but you only have plain spaghetti you can add a small amount of baking soda to the pasta cooking water to give it the chewy texture that ramen has. this batch has beef, mushrooms, green onion, and bok choy. make sure to rinse the pasta thoroughly or it tastes bad.",20131102_235435945_iOS.jpg,SnakeCharmer,10:20,normal,
67,this said it was beer-battered fish and chips but I think it was just regular batter. I have made beer batter before and I could taste the beer then and I could not taste the beer flavor in this. but it was still good.,IMAG0038.jpg,SnakeCharmer,34:21:00,normal,
68,today I m braising these ribs. they are in a reduction with white wine and onions and garlic and some herbs. last time i made these they became not as soft as i wanted but im going to cook them at lower temperature this time and hope it comes out better,image-20170112_164632.jpg,SnakeCharmer,28:22:00,normal,
69,#breadoftheday: challah!,IMG_20170114_213521.jpg,breethebaker,-15:23:00,normal,
70,#breadoftheday: a rustic loaf that fell a little flat. It will make great crusty sandwiches though!,IMG_20170204_155808.jpg,breethebaker,9:24,normal,
71,no bread today... but I did make funeral potatoes! #potluck,20131212_011016090_iOS.jpg,breethebaker,33:25:00,normal,
72,#breadoftheday: sourdough! I was amazed how well this held together. It's going to make amazing sandwiches!,IMG_20170218_205147.jpg,breethebaker,26:57:00,normal,
73,I didn't manage to get great light for this photo but this lobster tail and artichoke with potato casserole were to die for. Just a little melted butter and... mmmm!  The kids don't love artichoke so they got broccoli instead.,IMAG0055.jpg,livelaughlove,-16:27:00,normal,
74,"A few weeks ago I saw a pinterest post that basically said ""the only thing stopping you from dipping everything in chocolate is your own imagination"". I never thought of it that way before! So of course I had to try dipping some ice cream sandwiches. They only lasted about 30 seconds after I took this picture!",IMAG0065.jpg,livelaughlove,8:28,normal,
75,I've been trying to keep everyone's plates at least 1/3 green.  Hubby and I are enjoying it- the kids not so much.,IMAG0086.jpg,livelaughlove,32:29:00,normal,
76,Early Thanksgiving Dinner :) sweet potato casserole is my favorite Thanksgiving dish!!,IMG_0932.JPG,livelaughlove,3:56:00,normal,
77,this omelet had bacon *and* sausage *and* ham in it,IMG_20160625_113114.jpg,NoahM1121,-17:31:00,normal,
78,I wish i lived where this bagel place is. this thing was amazing,IMG_20170415_095155.jpg,NoahM1121,7:32,normal,
79,"this was really good but when I order spaghetti and meatballs, I'm expecting meatballS, not one meatball",IMG_20170519_184216.jpg,NoahM1121,36:33:00,normal,
80,fries with hot sauce>>>>>fries without hot sauce üçüüçü,IMG_4266.JPG,NoahM1121,43:58:00,normal,
81,The lasagna at Aiello's is üòçüòçüòç,IMG_20170519_184211.jpg,sweetpea,-18:35:00,normal,
82,I think I can remember that...,IMG_20170520_081116.jpg,sweetpea,6:36,normal,
83,"has anyone else tried this rolled ice cream? This one is matcha with berries (and a random oreo that I definitely didn't ask for, but who can complain?). It was so fun watching them make it!",IMG_20170423_163934.jpg,sweetpea,7:30:00,normal,
84,first time making my own eggplant parm. looks good in the pan....,IMG_20170423_172139.jpg,sweetpea,36:54:00,normal,
85,...and it looks good on the plate too! :D,IMG_20170423_172856.jpg,sweetpea,38:54:00,normal,
86,"forget the congrats cake, get me a congrats pastry",IMG_20160528_181547.jpg,fusionfeast,-18:39:00,normal,
87,jackfruit looks like a weapon but tastes pretty good. ft my bro Manny & his sweet hawaiian shirt,IMG_20160819_182920040.jpg,fusionfeast,5:40,normal,
88,idk what these were called but they were kind of like sushi burritos,IMG_20160522_094535.jpg,fusionfeast,29:41:00,normal,
89,breakfast frm my gf's perspective. u can't tell but that's a chili cornbread waffle in the background,IMG_20140118_120236.jpg,fusionfeast,24:53:00,normal,
90,i didn't make this or take the pic but I did get to eat it. carnitas like this are what i want my last meal to be,yvonne-lee-harijanto-41745.jpeg,cavsforever,-19:43:00,normal,
91,this kind of breakfast is what I need every day,IMG_20170513_105523.jpg,cavsforever,4:44,normal,
92,this was thai chile wings from yesterday. there were not enough but they were good,IMG_20170404_182054.jpg,cavsforever,28:45:00,normal,
93,you know your wife loves you when she makes you a sandwich like this,IMG_20170424_120657.jpg,cavsforever,6:52:00,normal,
94,panini ‚ù§Ô∏è,lluis-domingo-30992.jpeg,lavenderrrrrr,-20:47:00,normal,
95,perfect berger üçî ‚ù§Ô∏è,sebastian-lp-155047.jpeg,lavenderrrrrr,3:48,normal,
96,homemade mint ice cream üç¶ üíö,monika-4.jpeg,lavenderrrrrr,27:49:00,normal,
97,apricot tart  üíõ,kowalewski-2.jpeg,lavenderrrrrr,5:51:00,normal,
98,not putting this one in my portfolio bc the visible lens cap is embarrassing. but this soup was so fresh-tasting!,d-ng-tri-66959.jpeg,earthpulse,-21:51:00,normal,
99,who knew a lemon slice could be a work of art? üíõ,IMG_20140517_084619.jpg,earthpulse,2:52,normal,
100,turns out you really can make bread in a crock pot! üçû amazingly soft whole-grain bread too!,IMG_20141108_113638.jpg,earthpulse,26:53:00,normal,
101,"homemade soda! left: hibiscus, right: lemon ginger. so easy, and SO GOOD!",IMG_20140709_174852.jpg,earthpulse,34:49:00,normal,
102,"pepperoni n mushroom, the slice of life.",image-20160905_154811.jpg,MannyDL34,-22:55:00,normal,
103,ill take one of each,IMG_0638.JPG,MannyDL34,1:56,normal,
104,"when you cant decide whether to have a burger or a hotdog, put hotdog slices on ur burger",IMG_20140725_192043063_HDR.jpg,MannyDL34,25:57:00,normal,
105,switching it up with ham n mushroom instead of my usual pepperoni n mushroom,IMG_20150530_150722.jpg,MannyDL34,9:46:57,normal,
106,"like 20 instagram edits & filters later, my cappucino looks seriously professional ‚òï",kowalewski-3.jpeg,caffeinated,-23:59:00,normal,
107,the best breakfast ‚ù§Ô∏è‚ù§Ô∏è‚ù§Ô∏è,20130727_155131000_iOS.jpg,caffeinated,-0:05:00,normal,
108,research and a lovely ‚òï,IMG_5014.JPG,caffeinated,14:21:00,normal,
109,"homemade ginger and molasses cake with lemon glaze. The recipe asked for only powdered ginger, but i put some fresh ginger in as well and it was perfect!",IMG_20170312_093829.jpg,caffeinated,27:03:00,normal,
110,that ginger cake was perfect with some bosc pears... and after some homemade veggie chowder.,IMG_20170312_134430930.jpg,caffeinated,48:00:00,normal,
111,deep dish babyyyy,IMAG0052.jpg,wiz_khaleesi,-24:05:00,normal,
112,"damn right, dem wings",IMAG0157.jpg,wiz_khaleesi,-1:06:00,normal,
113,korean bbq with my babes üçñ,IMAG0160.jpg,wiz_khaleesi,23:07,normal,
114,carrying this chicken to work in my bag like...,IMG_20131026_160645.jpg,wiz_khaleesi,47:08:00,normal,
115,everyone... these are CHOCOLATE MOOSES. They are literally made of chocolate. You can't see it but there's a little baby chocolate moose behind them.,IMG_20150411_132000.jpg,jackrussellmom,-25:09:00,normal,
116,amazing bread pudding for breakfast... excuse the random junk of normal life in the background...,IMG_20150731_182433.jpg,jackrussellmom,-2:10:00,normal,
117,"I was digging through some old photos and wanted to share this baked squash that I made last fall.  The black specks aren't raisins, they're actually black currants - they have a kind of similar flavor but they seem so much fancier! Kind of like shallots are the fancier version of onions...",IMG_20151126_161749566.jpg,jackrussellmom,22:11,normal,
118,I love when the waffle shop gives you extra crunchy edges to snack on...,IMG_20150510_091045970_HDR.jpg,jackrussellmom,46:12:00,normal,
119,"This bad boy was in the back of the freezer from last christmas. I'm kind of shocked it wasn't all eaten, but the ""green icing swirl"" might be a clue as to why.",20131203_010020000_iOS.jpg,john73,-26:13:00,normal,
120,"I think this was technically a yorkshire pudding? The gravy was great though, and as you can see there was a lot of it!",IMAG0023.jpg,john73,-3:14:00,normal,
121,"This is what they're giving kids in movie theaters these days.  It's definitely creative... but even one of these sections would send my little man through the roof, so dad had to take over.",IMAG0039.jpg,john73,21:15,normal,
122,I can't take credit for cooking this one - that goes to my wife. But I told her it looked so gourmet that I had to post it!,IMG_20160710_214258.jpg,john73,45:16:00,normal,
123,"Folks, you heard it here 1st! A peach skewered and roasted over coals is a sweet and soft treat. Be sure to peel the skin of before eating. üçë",IMG_20160821_070318145.jpg,Jcole9,-27:17:00,normal,
124,"This brisket was not bad, but let's be honest, I've done better.",IMG_20170323_183218.jpg,Jcole9,-4:18:00,normal,
125,Normally I'm a meat man but i tried my hand at a new biscuit recipe this morning. This one has cheddar cheese and some of the same herbs that we use for the chicken seasoning.,IMG_20170305_133402.jpg,Jcole9,20:19,normal,
126,Close up of the biscuit so you can see the cheese.,IMG_20170305_133410.jpg,Jcole9,20:21,normal,
127,I'm going to wrap these in foil for the grill tonight,IMG_20160806_120708.jpg,Jcole9,44:20:00,normal,
128,Presenting the results of testing the new bread pan my bf got me!  It's so square :D,IMG_20170101_212355.jpg,kittycatbakes,-28:21:00,normal,
129,"My very first attempt at homemade bagels! There are several things you have to do to make them ""bagel-y"". I succeeded at the boiling process so they have bagel-like texture, but I didn't manage to find the malt powder to give them that extra bagel flavor. Still great with cream cheese though!",IMG_20161029_090816186_HDR.jpg,kittycatbakes,-5:22:00,normal,
130,New kind of sourdough loaf! This one has a super crunchy crust and slices really well!,IMG_20170305_194214.jpg,kittycatbakes,19:23,normal,
131,"Throwback to when my bf and I got Starbucks in China and they labeled our cups ""foreigner""! üòÇ",IMG_20160818_151848.jpg,kittycatbakes,43:24:00,normal,
132,Another trial - pane sesamo! The recipe was from an old Italian cookbook that was a gift from my dad. The inside has a great sesame flavor too. Will definitely be making this one again.,IMG_20170121_233751.jpg,kittycatbakes,10:08:59,normal,
133,my bf put this adorable spread together for my birthday.  those are roasted purple carrots in there with the microgreens!  he really knows how to make a girl happy (hint: it involves naturally sweetened whole grain nut bread...),chris-lawton-165884.jpeg,bblueberryy,-6:26:00,normal,
134,the best juices in Jeff City! Left: Carrot & mango. Right: banana & greens.,IMG_1153.JPG,bblueberryy,18:27,normal,
135,this veggie panini was perfect! there was the perfect amount of avocado to keep it juicy. I definitely did not miss the meat or cheese!,vegan1.jpg,bblueberryy,42:28:00,normal,
136,raw avocado and mushroom salad <3 <3  It requires a lot of slicing but it's sooooo worth it!,vegan7.jpg,bblueberryy,2:19:09,normal,
137,"this is the cake I got for my mom for her b-day. enjoy, other mturkers",IMG_20161009_190757.jpg,mateoV,17:31,normal,
138,good looking chicken my wife made. hope its good enough for my $14 bonus lol,IMG_20150907_005746.jpg,mateoV,45:33:00,normal,
139,"look at this PERFECT tomato from my dad's garden! the color is not exaggerated at all, it really is that bright in real life! #nofilter",IMG_20160819_120242814.jpg,breathe_in,-8:34:00,normal,
140,making our own sushi! My rolls all came out uneven and squished so I got a picture of my friend's instead.,vegan3.jpg,breathe_in,16:35,normal,
141,a little ranbow salad! soooooooooo much chopping though :P  #eatclean,vegan6.jpg,breathe_in,40:36:00,normal,
142,"tomato, broccoli, and cauliflower casserole for the week. Plus just a little bit of goat cheese, of course ;) #eatclean",IMG_0845.JPG,breathe_in,4:28:29,normal,
143,sno-cone + whipped cream? I'll take it.,20130801_030411000_iOS.jpg,jupiterpride,-9:38:00,normal,
144,chinese-style shaved ice! this stuff is amazinggggg üçß,image-20161206_140042.jpg,jupiterpride,15:39,normal,
145,"honestly red velvet cake just tastes like cake, but this tastes like red velvet cake. I know that makes no sense but if you try it you'll get it!!",20131004_203557000_iOS.jpg,jupiterpride,39:40:00,normal,
146,I feel like I've had a lot of shaved ice/ice cream lately? but this one was matcha flavored and had pink mochi AND pink pocky garnishes <3,IMG_20150531_131752440_HDR.jpg,jupiterpride,43:41:00,normal,
147,"homemade pizza w/ pesto, chicken, artichoke hearts, and feta cheese. The edges got a little burned but the flavors were great.",IMG_20141129_192628.jpg,artisanalways,-10:42:00,normal,
148,"first homemade dumplings! There's pork, spring onions, and cabbage inside. eaten with napkins left over from Christmas.",IMG_20141226_110500.jpg,artisanalways,14:43,normal,
149,dinner I forgot to post from a few nights ago - spinach salad w/ shrimp!,IMG_20170125_175759.jpg,artisanalways,38:44:00,normal,
150,"I spent for freaking EVER putting the carrot/zucchini/squash slices in place for this tart nd I COMPLETELY FORGOT TO ADD SALT. It's pretty enough that Id make it again but... do better next time, Riya!",vegan2.jpg,artisanalways,30:23:53,normal,
151,for once I got to the dining hall early enough that there aren't randos in the background of my breakfast photo.,zhifei-zhou-28092.jpeg,_aikira_,-11:46:00,normal,
152,"texas waffle, baby!",IMG_0133.JPG,_aikira_,13:47,normal,
153,"look at this bundt cake, my mama would be proud lol",20170503_012856000_iOS.jpg,_aikira_,31:49:00,normal,
154,"dinner with the fam: sweet potato casserole with marshmallows. I baked it without the marshmallows until it was basically done, then put them on and put it under the broiler. And then of course I had to check it obsessively every minute or so to make sure they didn't burn.",20131116_001622291_iOS.jpg,lee.alexa,-6:01:00,cohort,
155,"strawberry and white chocolate scones for breakfast tomorrow. the dough was really sticky, I kind of think I may have used too much flour in the course of rolling/placing them... but nobody is going to complain because unless they combust in the oven they're going to be great.",20170515_214826603_iOS.jpg,lee.alexa,0:31,cohort,
156,lunch: the cutest cup of seafood chowder.,IMAG0035.jpg,lee.alexa,15:05,cohort,
157,"dinner with the fam: fish *and* shrimp, with brussels sprouts and spinach/potato casserole. the sprouts could have used some more seasoning but overall it was well-received.",IMAG0075.jpg,lee.alexa,17:08,cohort,
158,"splurge breakfast: waffle with strawberries, fresh whipped cream, and lemon curd. Jess got the one with chocolate chips but I forgot to grab a pic for y'all.",IMG_0410.JPG,lee.alexa,31:49:00,cohort,
159,"dinner with the fam: stir fried asparagus, chicken & peppers, and rice cakes",IMAG0147.jpg,lee.alexa,46:50:00,cohort,
160,is an afternoon cold brew a bad idea? am I going to be so caffeinated I vibrate myself into an alternate plane of existence? let's find out!,IMG_20160102_110021.jpg,lee.alexa,3:51:44,cohort,
161,"maybe the afternoon cold brew was bad for my heart rate, but it gave me the energy to chop all these veggies and get them marinating for the potluck tomorrow.",vegan4.jpg,lee.alexa,27:54:35,cohort,
162,"dinner with the fam: quiche with onions, goat cheese, ham, and fresh thyme. The onions got a little burnt while baking but overall it was quite good.",IMG_0059.JPG,lee.alexa,13:52:17,cohort,
163,dessert: pumpkin spice ice cream with a ginger cookie!,IMG_20170404_184643.jpg,lee.alexa,-26:59:00,cohort,
164,chili the wife made,IMG_20140208_144331.jpg,Ataylor,-10:12:00,normal,
165,i made this casserole,IMG_0925.JPG,Sue_S,5:13,normal,
166,it's a party: brie and jam toasts,20131224_235709000_iOS.jpg,karenM,20:14,normal,
167,i had this pizza yesterday,IMG_20170125_175755.jpg,jake_turk,35:15:00,normal,
168,all this bread is going to go on the grill,IMG_20150801_105206508.jpg,snowbird,15:14:11,normal,
169,"veggie omelet, healthy as f***",vegan5.jpg,youngcunningham,43:39:24,normal,
170,i loved this ramen (ft. my gf's hands),IMG_5242_new.JPG,tacoguy,-7:18:00,normal,
171,To this day nothing still beats my mom's good old meatloaf...so good,51.jpg,Smitty12,-2:25:00,normal,
172,who doesnt like a good burger??,54.jpg,Smitty12,4:32,normal,
173,Homemade or delivery? what do you think,57.jpg,Smitty12,20:01,normal,
174,"Not much left in the fridge, had to get creative with leftovers pork and tomatoe soup",50.png,Smitty12,45:07:00,normal,
175,AFTERNOON SNACKTIME !!!,vegan8.jpeg,southerngirlCel,-10:30:00,normal,
176,who knew my water could look so artsy,monika-5.jpeg,southerngirlCel,-1:12:00,normal,
177,"new recipe that I found online >>>> UNBELIEVABLE! If you're looking for tasty, semi-healthy treats check out gwtreats.com",alicja-2.jpeg,southerngirlCel,7:14,normal,
178,"pretty proud of myself after making this, amzing how good it can and feel and taste eating healthy!",53.jpg,southerngirlCel,19:13,normal,
179,"Sushi, my guilty pleasure....california and salmon rolls. I'm spoiling myself today. Check out SushibyDave downtown on Locke Street, great food :)",59.jpg,southerngirlCel,34:45:00,normal,
180,"Tried something new for the boys tonight. Made a beef teriyaki stir-fry with broccoli....Ryan was a big fan, Sammy not so much. Oh well, I'll take 1 for 2 :)",52.jpg,hockeymom101,-2:43:00,normal,
181,Throwback to some of our spooky treats from last Halloween. It's amazing what marshmellows and a little bit of icing can do lol,55.jpg,hockeymom101,1:17,normal,
182,"Still getting used to taking pictures of my food, but I think I'm getting the hang of it...thought this dinner deserved to be shared. YUM",56.jpg,hockeymom101,3:26,normal,
183,It's always nice when I get some free time to do some baking :) This is one of my favourites; raisin cinnamon bread. An old family recipe!,75.jpg,hockeymom101,28:41:00,normal,
184,here's my attempt at bruschetta aha not quite as good as Alberni's but not bad....the roomies liked it at least,73.png,SamTHEMAN,12:53,normal,
185,"Me and Murph went down to Louies Bar and Grill to watch the game, i couldn't resist taking a pic of their famous nacho platter",71.png,SamTHEMAN,29:15:00,normal,
186,Meatballs baby,70.jpg,SamTHEMAN,14:19:55,normal,
187,"Trying to broaden my horizons a bit, this Spicy Thai Noodle dish was definitley different",58.jpg,SamTHEMAN,39:46:06,normal,
188,Oh... hell... yesssss!,180221-0.jpg,BeardedMatt,37:23:00,normal,
189,Dear all my friends in CA: this is disgusting. No thanks. (No offense but it's bad bro.),180221-1.JPG,MedicalRyan,-20:33:00,normal,
190,Enjoying my favorite chicken parm! üçùüçùüçù,180221-7.JPG,Lisa181818,-2:30:00,normal,
191,üòÇ Seen in Chelsea Market... tried it... it's good,180221-14.JPG,this_jack,12:30,normal,
192,"When you want to be a pot plant but you're actually a dessert.""",180221-6.JPG,PatelS,43:33:00,normal,
193,"New dim sum place in Fort Smith! Best in the state for sure, similar to the one I tried in Chinatown in NYC! ",180221-10.JPG,DonDonDonna,15:46:08,normal,
194,Goofy tongue for a treat from my sweet Ben,180221-21.JPG,EmmaSmith0214,-24:00:00,normal,
195,It's sushi burrito kinda of lunch. üç£ üåØ,180221-2.jpg,B.Mike,-12:35:00,normal,
196,Who knows ethiopian food can be so good!,IMG_7554.JPG,mariaann,-3:27:00,normal,
197,Some cakes that I baked for a pink-loving friend's wedding üíí,IMG_20140214_212805.jpg,mariaann,14:36,normal,
198,afternoon tea with my lil sis who really knows how to take a good photo lol,IMG_0485.PNG,mariaann,20:23,normal,
199,spicy noodles tonight!,IMG_20170427_181335.jpg,mariaann,-10:12:00,normal,
200,Just my usual diet üçóüçó,IMG_8786.jpg,thisisalfie1998,-6:18:00,normal,
201,"Had this in NYC, don't know what it's called but it tastes weirdly good lol",IMG_6902.jpg,thisisalfie1998,39:56:00,normal,
202,luke's lobsters is always the best...,IMG_6601.jpg,thisisalfie1998,45:24:00,normal,
203,I'm so hungry i can eat this whole thing by myself...,IMG_20151126_173327.jpg,thisisalfie1998,13:42:00,normal,
204,can't imagine my life without this #paella #blessed #spanishfood ‚ô•Ô∏èü•ò,IMG_2350.jpg,KatieeeM,12:49,normal,
205,#tbt to some authentic #fishandchips that I had in London #betterthanamericanfoodlol,IMG_7474.jpg,KatieeeM,16:11,normal,
206,"you gotta take advantage of the happy hours, especially when it involves oystersüòèüòèüòè",IMG_6912.jpg,KatieeeM,-3:25:00,normal,
207,AHHHHHH A R2D2 PUMPKIN THIS IS TOO CUTE OMG #starwars #nerdvegetable,IMAG0040.jpg,KatieeeM,3:35,normal,
208,A lovely dinner to celebrate our 10th wedding anniversary. Thank you Alice for being the most important person of my life!,IMG_5132.jpg,TimBJenkins,-8:16:00,normal,
209,Took my daughter to thai for the first time and she loved it.,IMG_9155.jpg,TimBJenkins,14:15,normal,
210,Ramen for today's lunch with colleagues,IMG_5241_new.JPG,TimBJenkins,39:57:00,normal,
211,Dinner with a client yesterday. Anybody knows what cuisine this is?,IMG_20161213_213224.jpg,TimBJenkins,2:32:56,normal,
212,Japanese-style fries with mayo and bonito flakes. Real good!,180221-5.JPG,BeardedMatt,38:16:27,normal,
213,üåÆüåÆüåÆTaco festival at the fairgrounds!,180221-8.JPG,MedicalRyan,-20:33:00,normal,
214,Egg Benidict for brunch on this Sunny but windy day. Iced coffee was... let's just say I can make better ones at home. Haha.,180221-24.JPG,Lisa181818,15:15,normal,
215,Throwback to before COVID when I was in Chicago having a Chicago Bagel. ,180221-17.JPG,this_jack,20:28:04,normal,
216,Cupcake alert at my office today,180221-15.JPG,PatelS,-1:55:00,normal,
217,Ramen.,180221-16.JPG,DonDonDonna,32:00:00,normal,
218,"Visited my brother at Cornell University today and they have their own hotel called ""The Statler"" and it has some amazing curry over rice for $7",180221-3.JPG,EmmaSmith0214,15:15,normal,
219,The Boil specialized in cajun in NYC. Looks good to me!,180221-4.JPG,B.Mike,20:20,normal,
220,,180221-20.JPG,BeardedMatt,-32:44:00,normal,
221,When you wanna be a doc but food is too good and you get fat.,180221-9.JPG,MedicalRyan,-16:33:00,normal,
222,More egg benidict :D #ExcuseMyLaptopWatchingModernFamily,180221-22.JPG,Lisa181818,34:23:00,normal,
223,Don't tell Samantha. lol,180221-12.JPG,this_jack,1:10,normal,
224,I live on this tea. Cannot recommend highly enough. ,IMG_3714.JPG,PatelS,-15:55:00,normal,
225,"Old-fashioned Arkansas chocolate gravy and discuits, only I can undersatnd. #LoveMyMikeyhubbby",180222-01.jpg,DonDonDonna,-0:23:00,normal,
226,"<3 Last year in Manchester, UK",180221-18.JPG,EmmaSmith0214,0:50,normal,
227,"They said post food stuff, so here's a GOOOOOOOOOOD food pic. #foodporn #asian360",180221-11.JPG,B.Mike,-33:00:00,normal,
228,Must cop üî•,0222-09.png,jiruletheworld,2:10,normal,
229,"We tried something different this time for our monthly barbecue. It's KEBABs! We went out to fetch some lambs, instead of beef and they taste great. Come thru!",0222-10.png,jiruletheworld,-16:31:00,normal,
230,You are what you eat.,0222-11.png,jiruletheworld,19:22,normal,
231,"I got up early, so I cooked myself a breakfast. It wasn't half bad as I imagined it to be!",0222-12.png,jiruletheworld,-40:23:00,normal,
232,These calzones were so good. I had to take a picture of it.,IMG_0490.png,ayoitsayo,-5:45:00,normal,
233,Fried rice with blueberries and blue table!  üîµ üîµ üîµ,0222-14.png,ayoitsayo,43:21:00,normal,
234,Where my chili fam at! üå∂,0222-16.png,ayoitsayo,23:32:00,normal,
235,It's pizza time.,0222-17.png,ayoitsayo,-35:18:00,normal,
236,Sushis are the best.,0222-20.png,sweetietooth,14:23,normal,
237,So what? It's my cheat day.,0222-21.png,sweetietooth,32:16:00,normal,
238,What would I do without you...,0222-22.png,sweetietooth,39:10:00,normal,
239,Mornings at its finest,0222-23.png,sweetietooth,-10:15:00,normal,
240,The new sushi place downtown is AMAZING! They do wine-pairings too. I feel like I'll be coming in here more than I should.,0222-13.png,dana84,-23:00:00,normal,
241,"I got these intense cravings for Thai food, so I got it! These padseeyus are the only things in life that never seem to disappoint me.",0222-15.png,dana84,8:03,normal,
242,Sean had a pleasant surprise for me by cooking dinner for our anniversary! I'm so blessed to have this great cook in my life.,0222-18.png,dana84,37:39:00,normal,
243,"I'm not a fan of Sicily Italian pizzas, but Sean's is different!",0222-19.png,dana84,12:23:00,normal,
244,Some fine wine and dine. üç∑üç∑,0222-08.png,lucyinurdreams,-21:11:00,normal,
245,"Classy night out. Man, these turkeys are üî•üî•üî•",IMG_0814.jpg,lucyinurdreams,2:24,normal,
246,"Sunday brunch with the fam! I like my bacons little more toastier, but these pancakes were the bombs! üí£üí£",Screen Shot 2018-02-23 at 12.10.59 AM.png,lucyinurdreams,30:21:00,normal,
247,Aren't they adorable?! I just had to get 'em after giving it a glance! They taste nothing like I've tasted before too.,IMG_0468.jpg,lucyinurdreams,45:30:00,normal,
248,I made some homemade chips!,0222-07.png,chefricky,-14:34:00,normal,
249,Vegetables and fruits should be essential part of our diet. We eat too much meat and not enough veggies. Make sure to add beans and broccolis to your diet.,0222-06.png,chefricky,14:28,normal,
250,"I tried baking breads for the first time, and overcooked my first batch. But, nothing cannot be fixed with some butter and peanut butter jelly!",0222-05.png,chefricky,29:21:00,normal,
251,"My first homemade half hawaiian, half meatlover's pizza was cooked to perfection. Barb loved it too.",0222-04.png,chefricky,42:33:00,normal,
252,"It was a sleepless night, so I treated myself with some insomnias.",IMG_0738.jpg,clayton.myers,9:21,normal,
253,Nothing can beat two cheese burgers.,IMG_0599.jpg,clayton.myers,26:05:00,normal,
254,If it isn't my favorite Papa Johnnys'!,IMG_0649.jpg,clayton.myers,21:10:00,normal,
255,"The stove wasn't doing any good left alone, so I gave it some FAT companies.",0222-03.png,clayton.myers,33:21:00,normal,
256,Coming back home is the best. I can have Mama Lee's japchae!,0222-02.png,aleeboi,-14:02:00,normal,
257,Having the best dessert with my sis!,0222-01.png,aleeboi,13:01,normal,
258,Homemade kimchi-jjigae made to perfection!,IMG_0701.jpg,aleeboi,26:08:00,normal,
259,"Today was a rough day, but I have my dakdoritang to cheer me up.",IMG_0717.jpg,aleeboi,41:04:00,normal,
260,Just tried this Nigerian Beef Stew and it tastes awesome!! Here's the recipe I found online: https://tasty.co/recipe/nigerian-beef-stew,Gulas.JPG,masterchefterry,2:03,normal,
261,My daughter bought this cake and said she doesn't believe I can make one. Honestly there's instructions all over the internet...,chocolate-cake-with-whipped-cream.jpg,masterchefterry,4:18,normal,
262,https://tasty.co/recipe/stir-fry-inspired-by-migos This seems to be an easy way to cook stir fry... changed it a bit and still good!!,Stir Fry.jpg,masterchefterry,34:46:00,normal,
263,Everytime my kid buys bottled water like this I can't help but think about how much flouride is in there and how it's gonna kill us all!! Why wouldn't my kids just listen to me??,Ice_Mountain_jk.jpg,MomFiona,-5:12:00,normal,
264,Every parent who takes their children to KFC is evil!! don't they know that KFC grows mutant chicken??,KFC.jpg,MomFiona,1:48,normal,
265,Found this online today... SO TRUE,Organic.jpg,MomFiona,8:24,normal,
266,Look how happy and cute my anne is awwww,Catfood.jpeg,mewranda,5:56,normal,
267,only coffee and cinnamon roll can save me from this depressing mood now...,coffee.jpg,gwenfromtheblock,12:23,normal,
268,or I guess some nice wine can do that as well... #dreaming,Wine.jpg,gwenfromtheblock,13:00,normal,
269,this reminded me of you @ryanfitzs,meme2.jpg,SnakeCharmer,-2:22:00,normal,
270,last one I swear....had to post it for the city of brotherly love,meme3.jpg,SnakeCharmer,45:32:00,normal,
271,The more you know,meme4.jpg,earthpulse,12:10,normal,
272,me when I walk into Earl's Buffet tonight,meme5.jpg,B.Mike,21:10,normal,
273,lololol me when I get home and mom hasn't starting cooking yet,meme6.png,southerngirlCel,18:31:00,normal,
274,Salad for lunch. #AccidentallyPutTooMuchDressing and cost me $15 :(,180228-0.JPG,Lisa181818,18:18,normal,
275,BF said he's coming over tonight... so... here's my lunch.,180228-6.JPG,B.Mike,-15:55:00,normal,
276,Still prefer vanilla better. #Workout #Protein #GayAtGym,180228-9.jpeg,B.Mike,9:10:00,normal,
277,"My morning green goodie: Baby spinich, aloe vera jelly, 1-1.5 banana depending on size, 1 cup of water, 1/2 stock of celery",180228-2.jpg,Lisa181818,-20:23:00,normal,
278,Chug chug chug with Fiona. #NoIrishTemper,180228-10.jpeg,B.Mike,24:33:00,normal,
279,good morning baltimore!,180228-12.jpeg,B.Mike,39:11:00,normal,
280,In love with these vitamins! Shout out to @vitaboca for this amazing creation! I've been using it every morning!,VitaBOCA6.png,this_jack,2:25,normal,
281,Save your money for what's important!! Or let that special someone you love know how much you care by helping them stay in shape or start their weight loss journey in the right direction with @vitaboca.,VitaBOCA7.png,this_jack,44:13:00,normal,
282,Wanna stop getting stressed about your weight? These vitamins will change your life. ,VitaBOCA1.png,VitaBOCA,-5:31:00,normal,
283,Proven to work years after years! These vitamins are the only ones in the market that will actually help your weight loss!,VitaBOCA2.png,VitaBOCA,23:00,normal,
284,In love with these vitamins! Shout out to @vitaboca for this amazing creation! I've been using it every morning!,VitaBOCA3.png,VitaBOCA,35:32:00,normal,
285,LOOK AT THIS: 8 week difference during the @vita_boca transformation challenge. I started at I believe it was 143 pounds and now I'm 132. I've been serious about what I'm doing since I started in January. This challenge though has made me realize how focused I can be and to not doubt myself. I wasn't going to do it at first because I thought I couldn't make another transformation since I have already lost a lot of weight but I'm glad I've worked my ass off and tested my limits.,VitaBOCA4.png,VitaBOCA,47:12:00,normal,
286,"Vitaboca contains a powerful combination of phytonutrient superfoods sourced from around the world. This unique formula was designed to offer consumers the benefits of a product that supplies vitamins, minerals, super greens and superfruits ALL WITHOUT artificial colors, flavors or sweeteners.",VitaBOCA5.png,VitaBOCA,17:10:00,normal,
287,this is my daily post,IMG_20170125_175750.jpg,mateoV,-6:45:00,normal,
288,this is my daily post,IMG_20120106_201555.jpg,mateoV,30:15:00,normal,
289,this is my daily post,20130907_233814649_iOS.jpg,mateoV,40:00:00,normal,
290,when every1 else has been getting good at cooking during the pandemic... but ive just been getting good at remembering my local chinese food place's phone number üòÇ ,post290.jpeg,pr1ncessdiana,28:33:00,normal,
291,Just got out of quarantine and what's the first thing I do?? Go on hike of course. Check out this good ol' hike sandwich I made.,post291.jpeg,sammysamsam,44:21:00,normal,
292,Just learned how to cook this new recipe ü•∞  Can u guess what it is??,post292.jpg,bunnylover56,31:42:00,normal,
293,Local gym closed down but thats not stopping me from being healthy! Salmon and veggies cooked by yours truly ,post293.jpeg,harutosworld,-9:45:00,normal,
294,dont forget to treat yo self in trying times like these my friends üòå,post294.jpeg,eveybarns,-19:34:00,normal,
295,Once I get vaccinated I'm going straight to Rome and having some pasta.,post295.jpg,mr_worldwide,-23:58:00,normal,
296,sooo happy that I was able to go to my favorite restaurant for my birthday this year!!! i promise this tasted just as delicious as it looks ü§©,post296.jpg,mayapapaya,4:05:00,normal,
297,the worst part about catching covid is not being able to smell my coffee in the morning :(,post297.jpg,laramartin,5:32:00,normal,
298,A gyro a day keeps the covid away üòÇ,post298.jpg,the_gyro_guy,19:49:00,normal,
299,Weather was nice so decided to barbecue today nd invited a couple of friends over too. (don't worry we r all vaccinated) ,post299.jpeg,nunez.roberto,16:23:00,normal,
300,Currently grocery shopping! Don't you get excited about new food?!!,groceries-post.jpg,bxssiem,12:23:00,normal,
302,Learning how to cook since covid has been a journey! Guess what I'm cooking today,IMG_2182.jpg,evecosta,-6:32:00,normal,
303,My monthly book recommendation for you guys: Let Me Tell You What I Mean by Joan Didion. Amazing!,readingrec-post.jpg,sshima,37:15:00,normal,
304,tfw the food you cook turns out bad but you're still proud of it,laughingmemoji-post.png,official_noel,19:56:00,normal,
306,Quarantine means overindulging your favorite tv shows and eating pizza! ,bingetv-post.jpg,rhaddad,2:12:00,normal,
307,I gotta have a chocolate chip cookie every day to get me through quarantine!,cookies-post.jpg,ozozren,-13:46:00,normal,
308,Try this homemade fruit popsicles recipe to sweeten up your quarantine! https://bit.ly/3trINSq,popsicles-pic.jpg,JiLi8,16:36:00,normal,
309,"My precious flowers are growing beautifully. I'm a mother, no drama ;)",flowers-post.jpg,siennasings,26:45:00,normal,
311,"Nothing better than coming home, taking your mask and shoes off, and relaxing with a glass of wine",post311.jpg,maurine_hume,12:37:00,normal,
312,"I'm not ""ordering out"", i'm supporting local businessesüòâ #staysafe #supportlocalbusinesses",post312.jpg,vilbert,41:00:00,normal,
313,"Missing those team dinners, can't believe this season was canceledüòí we've been on lockdown for a year why are we still scared of this virus #covidcantstopus",post313.jpg,darrowingking,-3:45:00,normal,
314,"Thought we were fighting a virus, not vampiresüòÇ No onions or garlic for my new risotto recipe tonight :(",post314.jpg,nadja.wars,-18:29:00,normal,
315,Can't believe it's been a year since the most amazing meal I've ever had ü§§ I miss dining inüò©,post315.jpg,lisapowell,26:49:00,normal,NOT SHOWN
316,"Wearing a mask and social distancing are great ways to protect yourself from covid, but good nutrition is essential to keeping your body healthy and fighting. Here are some tips on how to eat healthy in these unprecedented times!",post316.jpg,edsideburns,8:33:00,normal,
317,mom life during covid,post317.jpg,phyllisherrera48,-20:30:00,normal,
318,"gyms are starting to open up, so I am running out of excusesüò≠",post318.jpg,ben_park,13:17:00,normal,
321,cereal for breakfast. lol. ,oeirutoiudglkdjg.jpg,halina_eats,26:12:00,,Missing Pic
326,Reminder to give a small act of kindness in these hard times. We're all in this together.,post326.jpg,rhaddad,-8:56:00,,
328,Justice for Asian Americans!! STOP ASIAN HATE,post328.jpg,JiLi8,-21:38:00,,
331,"2020 is over people, move on. focus on the good stuff in life... like this pie I just baked.",post331.jpeg,sammysamsam,31:11:00,,
332,It breaks my heart üíî  to hear about all of the people facing food insecurity during the pandemic üôÅ,post332.jpeg,bunnylover56,25:41:00,,
333,i'm surprised this guy lasted 4 years with a diet like that. c ya never Trump!,post333.jpeg,harutosworld,-6:15:00,,
334,so proud to have Biden as our president,post334.jpeg,eveybarns,-9:48:00,,
335,Lol! What a joke that Trump is ,post335.jpeg,mr_worldwide,-15:12:00,,
336,i had no idea coronavirus can be on food packaging!!! yet another reason to eat fresh fruits and veggies... üò≥ ,post336.jpg,mayapapaya,2:05:00,,
337,does any1 know how long u can lose ur sense of taste after getting covid? I rlly wish I could taste this rn :(,post337.jpeg,laramartin,8:26:00,,
338,#STOPTHESTEAL #notmypresident,post338.jpeg,the_gyro_guy,14:06:00,,
339,Cant believe it snowed here in TX wondering how climate change will hurt the crops.  ,post339.jpeg,nunez.roberto,19:47:00,,
340,"I call this recipe ""we've been inside for too long""",post340.jpg,carlsimmers,23:01:00,,
343,Never forget the false narratives of the biden admin. They don't care. ,post343.jpg,darrowingking,6:37:00,,
344,I got my first vaccine dose today! Hopefully this means my kids will be able to visit me soon,post344.jpg,nadja.wars,28:19:00,,
346,"Don't buy into the misinformation, get the vaccine if you can. Let's kick covid's butt!",post346.jpg,edsideburns,18:21:00,,
347,"I recreated my family favorite shepard's pie with a different recipe today, I can't wait until they get to try it",post347.jpg,nadja.wars,3:47:00,,
348,Got to love a good French Fry!,4004835317_de536ce648.jpg,edsideburns,42:18:00,,Missing Pic
349,"I've been taking some cooking classes recently, but this is what the kiddos demand",post349.jpg,phyllisherrera48,10:25:00,,
350,Anything can be an adult meal if you add wine,post350.jpg,maurine_hume,-6:57:00,,
351,What really goes on behind the scenes when testing new recipes,post351.jpg,carlsimmers,36:15:00,,
352,Don't think this is what my mom meant when she said to eat more homemade meals but hey i triedü§∑,post352.jpg,anabohnana,15:47:00,,
353,Best post workout meal if you wanna see those GAINSüí™üí™üí™,post353.jpg,darrowingking,26:20:00,,
1000,channeled my food influencer to take this one. lol. ,IMG_20190907_110020.jpg,dominguez2,-21:01:00,,
1001,chicken parm is a healthy meal that you should try making,IMG_20170204_225840.jpg,dominguez2,-20:11:00,,
1002,ravoili for one. makes a great lunch! it is fun seeing what everyone else is eating! ,IMG_20170128_184927.jpg,dominguez2,-0:09:00,bullying,
1003,i made crab ragoons recently too. life in the pandemic has really made me a better cook! ,IMG_20170129_131732.jpg,dominguez2,10:25:00,bullying,
1004,"but really, i love a good sopes. eating them reminds me of my home!",5779258368_acc17f6fe2_b.jpg,dominguez2,21:32:00,bullying,
1005,"okay, i just have to share. look at adorable vintage china this latte came in!! makes me feel so cute and fancy. ",IMG_4416.JPG,dominguez2,30:43:00,bullying,
1006,No soggy bottom here. ,15421787740_6344c39b9c_b.jpg,jonnyboyca,-08:13,,
1007,party at my house ,20210207_180809.jpg,jonnyboyca,20:21,,