id,body,picture,actor,time,identifiable,study3_n20,study3_n80,study2_n0,study2_n20,study2_n80
0,The spiralizer got some use for brunch today! #cleaneating #veggielife,20170212_152905108_iOS.jpg,coachmatthews,-20:35,no,yes,no,yes,yes,no
1,GORGEOUS spread at Saigon House for my sister's b-day dinner!,IMAG0003.jpg,coachmatthews,-11:13,no,yes,no,no,no,no
2,"These tilapia fillets are super easy and super healthy! Just a sprinkle of dried dill, a squeeze of lemon, and 15 minutes in the oven!",IMG_20170105_192151.jpg,coachmatthews,-00:45,no,yes,no,no,no,no
3,When the light on the porch is so perfect it makes your leftovers look gourmet...,james-harris-228578.jpeg,coachmatthews,03:16,no,yes,no,,,
4,Mr. Matthews got me this hanger for my bananas... It's only been a day but I think they're already less beat-up than they would normally be!  Three cheers for modern technology.,IMG_0440.JPG,coachmatthews,07:00,no,yes,no,,,
5,Woke up late and only had time to grab one of these for breakfast. Can you say accidental splurge?,20130726_145708000_iOS.jpg,coachmatthews,24:04,no,yes,no,,,
6,One of the moms from my K-2 class made these adorable pig cookies! How cute are they?!,20131118_154942000_iOS.jpg,coachmatthews,27:17,no,yes,no,,,
7,"honestly red velvet cake just tastes like cake, but this tastes like red velvet cake. I know that makes no sense but if you try it you'll get it!!",20130721_000546845_iOS.jpg,coachmatthews,29:20,no,yes,no,,,
8,can you believe how beautiful these farmer's market apples are? There are actually four or five different kinds here but I totally forget what they're called. ,IMG_20141011_103027.jpg,coachmatthews,49:45,no,yes,no,,,
9,"This amazing vegan goddess bowl (is it still a bowl if it's in styrofoam? haha) that I got at the farmer's market has like ten different things in it - mushrooms, kale, cilantro, peanuts, cabbage, seitan... I wish I remembered them all so I could make it at home!",IMG_20140501_112920.jpg,coachmatthews,52:44,no,yes,no,,,
10,nice layers,eaters-collective-172257.jpeg,M.Kapadia92,-22:40,no,yes,no,yes,yes,no
11,sprinkle and dot,IMG_1317.JPG,M.Kapadia92,-19:20,no,yes,no,no,no,no
12,a flaky feast,kowalewski-4.jpeg,M.Kapadia92,-16:59,no,yes,no,yes,yes,no
13,nice light for lettuce,krzysztof-112.jpeg,M.Kapadia92,04:00,no,yes,no,,,
14,strongly recommend this raspberry tart @ Copatelli's,krzysztof-113.jpeg,M.Kapadia92,06:40,no,yes,no,,,
15,perfect baguette,petradr-748.jpeg,M.Kapadia92,09:20,no,yes,no,,,
16,working breakfast,zach-miles-229108.jpeg,M.Kapadia92,19:20,no,yes,no,,,
17,swordfish n broccoli rabe,alex-munsell-18756.jpeg,M.Kapadia92,22:45,no,yes,no,,,
18,mom's favorite,toa-heftiba-88630.jpeg,M.Kapadia92,36:10,no,yes,no,,,
19,great fry presentation @ Avanti on 8th av,stephanie-mccabe-92136.jpeg,M.Kapadia92,39:25,no,yes,no,,,
20,hidden strawberry üçì,kowalewski-8.jpeg,M.Kapadia92,56:34,no,yes,no,,,
21,light lunch,krzysztof-98.jpeg,M.Kapadia92,60:00,no,yes,no,,,
22,"extra cinnamon on my chai, please! <3 ‚òï",102_1402.JPG,ancho-n-cayenne,-24:30,no,yes,no,no,no,no
23,the fries were so-so but the pulled pork & fried onion sandwich was stellar!,brandon-morgan-19496.jpeg,ancho-n-cayenne,-20:41,no,yes,no,no,no,no
24,zesty greek chickpea salad!,IMG_0552.JPG,ancho-n-cayenne,-01:40,no,yes,no,yes,yes,no
25,This ragout was so rich and meaty!,IMG_0315.jpg,ancho-n-cayenne,02:45,no,yes,no,,,
26,loved this spicy bratwurst lunch!,IMG_20170404_182858.jpg,ancho-n-cayenne,25:39,no,yes,no,,,
27,the filters on this chai are egregious but it was sooooooooooooo good!,kowalewski-5.jpeg,ancho-n-cayenne,29:55,no,yes,no,,,
28,spicy breakfast hash <33333,IMG_20170513_105531.jpg,ancho-n-cayenne,38:41,no,yes,no,,,
29,pretty good Thai pork! could have used more chiles but I'm still a fan.,IMG_20170527_192058.jpg,ancho-n-cayenne,40:04,no,yes,no,,,
30,"it doesn't look like it, but this ramen was amazingly spicy! I think they also added some saffron to the broth too, there was something unusual in there... üçú ‚ù§Ô∏è",matthew-hamilton-160833.jpeg,ancho-n-cayenne,59:03,no,yes,no,,,
31,pro tip: alternate between garlic parm n spicy buffalo for a life-changing taste sensation,IMG_20170602_173837.jpg,localewis,-09:08,no,yes,no,no,no,no
32,staying up til 3 to close the bar? this is what u need.,IMG_20170220_075706.jpg,localewis,-04:09,no,yes,no,no,no,no
33,pancakes... my mom would be so proud lol,IMG_20170216_213349.jpg,localewis,11:14,no,yes,no,,,
34,real cheeseburger or imposter? u guys decide,IMG_20160711_220819.jpg,localewis,19:02,no,yes,no,,,
35,ya boy made spaghetti! looks like hair haha,IMG_20170107_172633.jpg,localewis,38:10,no,yes,no,,,
36,that pasta from before all cooked up n ready for sauce,IMG_20161230_213314.jpg,localewis,39:11,no,yes,no,,,
37,look at what my bro got in england lol,IMG_20160928_124145.jpg,localewis,50:12,no,yes,no,,,
38,"forgot to show the pics yesterday but when i made spaghetti i also made lasagna noodles, check out this cheese monster haha",IMG_20161231_215927.jpg,localewis,53:13,no,yes,no,,,
39,every sandwich is better with fries in it lol,IMG_20160725_141010.jpg,localewis,-18:04,no,yes,no,no,no,no
40,chunky or creamy? im a chunky man myself,IMG_20160702_153102.jpg,localewis,58:30,no,yes,no,,,
41,"I finally got around to trying to make chicken parm, you guys! ",IMG_20170204_225840.jpg,casssssssssie,-24:11,no,yes,no,no,no,no
42,homemade spaghetti with that chicken parm i just posted! #pastaweek #yum,IMG_20170204_225828.jpg,casssssssssie,-23:40,no,yes,no,yes,yes,no
43,"Look at these freaking adorable hand pies!! I really want to know what's in them, there was no sign on the display!",IMG_20131025_104912.jpg,casssssssssie,-10:25,no,yes,no,yes,yes,no
44,"Not super food-y.... but I just had so show everyone this.  Same, Dale. Same.",IMG_20150227_105547.jpg,casssssssssie,-07:44,no,yes,no,no,no,no
45,next up in pasta week: ravioli!! just a ricotta/parmesan blend inside but I'm definitely branching out next time. Spinach? Butternut squash? Any other good ideas? #pastaweek #ravioli #yum,IMG_20170128_184927.jpg,casssssssssie,01:41,no,yes,no,,,
46,"And if the homemade ravioli wasn't enough... I made this peach crisp too! Literally just peaches inside, and a butter/brown sugar/oat/spice topping. Amazing!",IMG_20150515_200713219_HDR.jpg,casssssssssie,02:20,no,yes,no,,,
47,had these adorable sushi rolls for lunch! Not 100% sure what was inside but I think it was eel.,IMG_5065.JPG,casssssssssie,23:43,no,yes,no,,,
48,taking a break from #pastaweek for some crab rangoons... made with leftover pasta dough!! :D,IMG_20170129_131732.jpg,casssssssssie,25:42,no,yes,no,,,
49,today my town's bakery has the cake pops *and* the macarons *and* the most hilarious cupcakes all on the same day! I managed to leave with just one cake pop so that feels like an accomplishment!,IMG_20131026_140112.jpg,casssssssssie,38:41,no,yes,no,,,
50,I love that they also serve coffee on the adorable vintage china!!,IMG_4416.JPG,casssssssssie,38:43,no,yes,no,,,
51,"so freaking excited for this #pastaweek creation... sausage, peppers & cream sauce!",IMG_20170423_172105.jpg,casssssssssie,48:14,no,yes,no,,,
52,here's my creamy pasta in the bowl!! #pastaweek #yum,IMG_20170423_172819.jpg,casssssssssie,48:43,no,yes,no,,,
53,forgot to post a pic of the CUTEST bear  üêª bread (cake?) from the bakery earlier! has anyone had anything like this before? What's it like?,IMG_20131124_181633.jpg,casssssssssie,50:44,no,yes,no,,,
54,I totally thought Molly was lying about that cafe that serves cotton candy for dessert... turns out she wasnt!  it was strawberry flavored! :D,IMG_20170519_185706.jpg,casssssssssie,61:05,no,yes,no,,,
55,no pasta today... but I did make these lovely crusty breads! they have a very special fate in store for them. More pics to come!,IMG_20170326_183029.jpg,casssssssssie,66:41,no,yes,no,,,
56,BREAD BOWLS! These ones got some creamy chicken and veggie soup. #breadbowls #yum,IMG_20170326_184102.jpg,casssssssssie,66:44,no,yes,no,,,
57,"when your pizza gets squished on the way... don't worry, the garlic sauce was still intact! üçï",IMG_4490.JPG,tastyrobot,-12:01,no,yes,no,yes,yes,no
58,donuts for lunch üç© üç© üç©,20131220_202240000_iOS.jpg,tastyrobot,12:02,no,yes,no,,,
59,can you believe this popsicle! anyway I thought it was going to be strawberry but it was actually bubblegum üòû,IMG_20130802_220459.jpg,tastyrobot,36:03,no,yes,no,,,
60,sad desk lunch? Just put it on a fancy plate! üòÇ,IMG_20141116_112139.jpg,tastyrobot,60:04,no,yes,no,,,
61,"desk coffee counts as food, right? ",IMG_5107.JPG,ria_camiii,-13:15,no,yes,no,yes,yes,no
62,homemade popsicle! this one is lemonade with cucumber. #refreshing,IMG_20160528_142024253.jpg,ria_camiii,11:16,no,yes,no,,,
63,A first for me: cake with marshmallow cream frosting. The cake is somewhat less sweet to offset the sweetness of the icing. Definitely trying this one myself!,IMG_1240.JPG,ria_camiii,35:17,no,yes,no,,,
64,andother #homemade popsicle! this one is blueberry and cream. I need classier popsicle holders though... you can tell these are made for little kids...,IMG_20160604_170347434.jpg,ria_camiii,59:18,no,yes,no,,,
65,"sweet peppers and three different kinds of sausage: chorizo, bratwurst, blood sausage. I did not take ap icture of it when it was cooked but the blood sausage tastes almost like a hot dog only it has a crumbly texture inside",1438450869408.jpg,SnakeCharmer,-14:19,no,yes,no,yes,yes,no
66,"when you want ramen üçú but you only have plain spaghetti you can add a small amount of baking soda to the pasta cooking water to give it the chewy texture that ramen has. this batch has beef, mushrooms, green onion, and bok choy. make sure to rinse the pasta thoroughly or it tastes bad.",20131102_235435945_iOS.jpg,SnakeCharmer,10:20,no,yes,no,,,
67,this said it was beer-battered fish and chips but I think it was just regular batter. I have made beer batter before and I could taste the beer then and I could not taste the beer flavor in this. but it was still good.,IMAG0038.jpg,SnakeCharmer,34:21,no,yes,no,,,
68,today I m braising these ribs. they are in a reduction with white wine and onions and garlic and some herbs. last time i made these they became not as soft as i wanted but im going to cook them at lower temperature this time and hope it comes out better,image-20170112_164632.jpg,SnakeCharmer,58:22,no,yes,no,,,
69,#breadoftheday: challah!,IMG_20170114_213521.jpg,breethebaker,-15:23,no,yes,no,yes,yes,no
70,#breadoftheday: a rustic loaf that fell a little flat. It will make great crusty sandwiches though!,IMG_20170204_155808.jpg,breethebaker,09:24,no,yes,no,,,
71,no bread today... but I did make funeral potatoes! #potluck,20131212_011016090_iOS.jpg,breethebaker,33:25,no,yes,no,,,
72,#breadoftheday: sourdough! I was amazed how well this held together. It's going to make amazing sandwiches!,IMG_20170218_205147.jpg,breethebaker,57:26,no,yes,no,,,
73,I didn't manage to get great light for this photo but this lobster tail and artichoke with potato casserole were to die for. Just a little melted butter and... mmmm!  The kids don't love artichoke so they got broccoli instead.,IMAG0055.jpg,livelaughlove,-16:27,no,yes,no,no,no,no
74,"A few weeks ago I saw a pinterest post that basically said ""the only thing stopping you from dipping everything in chocolate is your own imagination"". I never thought of it that way before! So of course I had to try dipping some ice cream sandwiches. They only lasted about 30 seconds after I took this picture!",IMAG0065.jpg,livelaughlove,08:28,no,yes,no,,,
75,I've been trying to keep everyone's plates at least 1/3 green.  Hubby and I are enjoying it- the kids not so much. ,IMAG0086.jpg,livelaughlove,32:29,no,yes,no,,,
76,This sweet potato casserole was a huge hit! The kids love the crunchy and sweet topping.,IMG_0932.JPG,livelaughlove,56:30,no,yes,no,,,
77,this omelet had bacon *and* sausage *and* ham in it,IMG_20160625_113114.jpg,NoahM1121,-17:31,no,yes,no,yes,yes,no
78,I wish i lived where this bagel place is. this thing was amazing,IMG_20170415_095155.jpg,NoahM1121,07:32,no,yes,no,,,
79,"this was really good but when I order spaghetti and meatballs, I'm expecting meatballS, not one meatball",IMG_20170519_184216.jpg,NoahM1121,36:33,no,yes,no,,,
80,fries with hot sauce>>>>>fries without hot sauce üçüüçü,IMG_4266.JPG,NoahM1121,58:34,no,yes,no,,,
81,The lasagna at Aiello's is üòçüòçüòç,IMG_20170519_184211.jpg,sweetpea,-18:35,no,yes,no,yes,yes,no
82,I think I can remember that...,IMG_20170520_081116.jpg,sweetpea,06:36,no,yes,no,,,
83,"has anyone else tried this rolled ice cream? This one is matcha with berries (and a random oreo that I definitely didn't ask for, but who can complain?). It was so fun watching them make it!",IMG_20170423_163934.jpg,sweetpea,30:37,no,yes,no,,,
84,first time making my own eggplant parm. looks good in the pan....,IMG_20170423_172139.jpg,sweetpea,54:36,no,yes,no,,,
85,...and it looks good on the plate too! :D,IMG_20170423_172856.jpg,sweetpea,54:38,no,yes,no,,,
86,"forget the congrats cake, get me a congrats pastry",IMG_20160528_181547.jpg,fusionfeast,-18:39,no,no,no,no,no,no
87,jackfruit looks like a weapon but tastes pretty good. ft my bro Manny & his sweet hawaiian shirt,IMG_20160819_182920040.jpg,fusionfeast,05:40,no,no,no,,,
88,idk what these were called but they were kind of like sushi burritos,IMG_20160522_094535.jpg,fusionfeast,29:41,no,no,no,,,
89,breakfast frm my gf's perspective. u can't tell but that's a chili cornbread waffle in the background,IMG_20140118_120236.jpg,fusionfeast,53:42,no,no,no,,,
90,i didn't make this or take the pic but I did get to eat it. carnitas like this are what i want my last meal to be,yvonne-lee-harijanto-41745.jpeg,cavsforever,-19:43,no,yes,yes,yes,yes,yes
91,this kind of breakfast is what I need every day,IMG_20170513_105523.jpg,cavsforever,04:44,no,yes,yes,,,
92,this was thai chile wings from yesterday. there were not enough but they were good,IMG_20170404_182054.jpg,cavsforever,28:45,no,yes,yes,,,
93,you know your wife loves you when she makes you a sandwich like this,IMG_20170424_120657.jpg,cavsforever,52:46,no,yes,yes,,,
94,panini ‚ù§Ô∏è,lluis-domingo-30992.jpeg,lavenderrrrrr,-20:47,no,no,no,no,no,no
95,perfect berger üçî ‚ù§Ô∏è,sebastian-lp-155047.jpeg,lavenderrrrrr,03:48,no,no,no,,,
96,homemade mint ice cream üç¶ üíö,monika-4.jpeg,lavenderrrrrr,27:49,no,no,no,,,
97,apricot tart  üíõ,kowalewski-2.jpeg,lavenderrrrrr,51:50,no,no,no,,,
98,not putting this one in my portfolio bc the visible lens cap is embarrassing. but this soup was so fresh-tasting!,d-ng-tri-66959.jpeg,earthpulse,-21:51,no,yes,no,yes,no,no
99,who knew a lemon slice could be a work of art? üíõ,IMG_20140517_084619.jpg,earthpulse,02:52,no,yes,no,,,
100,turns out you really can make bread in a crock pot! üçû amazingly soft whole-grain bread too!,IMG_20141108_113638.jpg,earthpulse,26:53,no,yes,no,,,
101,"homemade soda! left: hibiscus, right: lemon ginger. so easy, and SO GOOD!",IMG_20140709_174852.jpg,earthpulse,50:54,no,yes,no,,,
102,"pepperoni n mushroom, the slice of life.",image-20160905_154811.jpg,MannyDL34,-22:55,no,no,no,no,no,no
103,ill take one of each,IMG_0638.JPG,MannyDL34,01:56,no,no,no,,,
104,"when you cant decide whether to have a burger or a hotdog, put hotdog slices on ur burger",IMG_20140725_192043063_HDR.jpg,MannyDL34,25:57,no,no,no,,,
105,switching it up with ham n mushroom instead of my usual pepperoni n mushroom,IMG_20150530_150722.jpg,MannyDL34,49:58,no,no,no,,,
106,"like 20 instagram edits & filters later, my cappucino looks seriously professional ‚òï",kowalewski-3.jpeg,caffeinated,-23:59,no,yes,no,yes,yes,no
107,the best breakfast ‚ù§Ô∏è‚ù§Ô∏è‚ù§Ô∏è,20130727_155131000_iOS.jpg,caffeinated,-00:01,no,yes,no,yes,yes,no
108,research and a lovely ‚òï,IMG_5014.JPG,caffeinated,24:02,no,yes,no,,,
109,"homemade ginger and molasses cake with lemon glaze. The recipe asked for only powdered ginger, but i put some fresh ginger in as well and it was perfect!",IMG_20170312_093829.jpg,caffeinated,48:03,no,yes,no,,,
110,that ginger cake was perfect with some bosc pears... and after some homemade veggie chowder.,IMG_20170312_134430930.jpg,caffeinated,48:12,no,yes,no,,,
111,deep dish babyyyy,IMAG0052.jpg,wiz_khaleesi,-24:05,no,yes,no,yes,yes,no
112,"damn right, dem wings",IMAG0157.jpg,wiz_khaleesi,-01:06,no,yes,no,no,no,no
113,korean bbq with my babes üçñ,IMAG0160.jpg,wiz_khaleesi,23:07,no,yes,no,,,
114,carrying this chicken to work in my bag like...,IMG_20131026_160645.jpg,wiz_khaleesi,47:08,no,yes,no,,,
115,everyone... these are CHOCOLATE MOOSES. They are literally made of chocolate. You can't see it but there's a little baby chocolate moose behind them. ,IMG_20150411_132000.jpg,jackrussellmom,-25:09,no,no,no,no,no,no
116,amazing bread pudding for breakfast... excuse the random junk of normal life in the background...,IMG_20150731_182433.jpg,jackrussellmom,-02:10,no,no,no,yes,no,no
117,"I was digging through some old photos and wanted to share this baked squash that I made last fall.  The black specks aren't raisins, they're actually black currants - they have a kind of similar flavor but they seem so much fancier! Kind of like shallots are the fancier version of onions...",IMG_20151126_161749566.jpg,jackrussellmom,22:11,no,no,no,,,
118,I love when the waffle shop gives you extra crunchy edges to snack on...,IMG_20150510_091045970_HDR.jpg,jackrussellmom,46:12,no,no,no,,,
119,"This bad boy was in the back of the freezer from last christmas. I'm kind of shocked it wasn't all eaten, but the ""green icing swirl"" might be a clue as to why.",20131203_010020000_iOS.jpg,john73,-26:13,no,no,no,yes,no,no
120,"I think this was technically a yorkshire pudding? The gravy was great though, and as you can see there was a lot of it!",IMAG0023.jpg,john73,-03:14,no,no,no,no,no,no
121,"This is what they're giving kids in movie theaters these days.  It's definitely creative... but even one of these sections would send my little man through the roof, so dad had to take over.",IMAG0039.jpg,john73,21:15,no,no,no,,,
122,I can't take credit for cooking this one - that goes to my wife. But I told her it looked so gourmet that I had to post it!,IMG_20160710_214258.jpg,john73,45:16,no,no,no,,,
123,"Folks, you heard it here 1st! A peach skewered and roasted over coals is a sweet and soft treat. Be sure to peel the skin of before eating. üçë",IMG_20160821_070318145.jpg,Jcole9,-27:17,no,no,no,no,no,no
124,"This brisket was not bad, but let's be honest, I've done better.",IMG_20170323_183218.jpg,Jcole9,-04:18,no,no,no,yes,no,no
125,Normally I'm a meat man but i tried my hand at a new biscuit recipe this morning. This one has cheddar cheese and some of the same herbs that we use for the chicken seasoning.,IMG_20170305_133402.jpg,Jcole9,20:19,no,no,no,,,
126,Close up of the biscuit so you can see the cheese.,IMG_20170305_133410.jpg,Jcole9,20:21,no,no,no,,,
127,I'm going to wrap these in foil for the grill tonight,IMG_20160806_120708.jpg,Jcole9,44:20,no,no,no,,,
128,Presenting the results of testing the new bread pan my bf got me!  It's so square :D,IMG_20170101_212355.jpg,kittycatbakes,-28:21,no,no,no,no,no,no
129,"My very first attempt at homemade bagels! There are several things you have to do to make them ""bagel-y"". I succeeded at the boiling process so they have bagel-like texture, but I didn't manage to find the malt powder to give them that extra bagel flavor. Still great with cream cheese though!",IMG_20161029_090816186_HDR.jpg,kittycatbakes,-05:22,no,no,no,no,no,no
130,New kind of sourdough loaf! This one has a super crunchy crust and slices really well!,IMG_20170305_194214.jpg,kittycatbakes,19:23,no,no,no,,,
131,"Throwback to when my bf and I got Starbucks in China and they labeled our cups ""foreigner""! üòÇ",IMG_20160818_151848.jpg,kittycatbakes,43:24,no,no,no,,,
132,Another trial - pane sesamo! The recipe was from an old Italian cookbook that was a gift from my dad. The inside has a great sesame flavor too. Will definitely be making this one again.,IMG_20170121_233751.jpg,kittycatbakes,67:25,no,no,no,,,
133,my bf put this adorable spread together for my birthday.  those are roasted purple carrots in there with the microgreens!  he really knows how to make a girl happy (hint: it involves naturally sweetened whole grain nut bread...),chris-lawton-165884.jpeg,bblueberryy,-06:26,no,yes,no,yes,yes,no
134,the best juices in Jeff City! Left: Carrot & mango. Right: banana & greens.,IMG_1153.JPG,bblueberryy,18:27,no,yes,no,,,
135,this veggie panini was perfect! there was the perfect amount of avocado to keep it juicy. I definitely did not miss the meat or cheese!,vegan1.jpg,bblueberryy,42:28,no,yes,no,,,
136,raw avocado and mushroom salad <3 <3  It requires a lot of slicing but it's sooooo worth it!,vegan7.jpg,bblueberryy,66:29,no,yes,no,,,
137,this is the cake I got for my mom for her b-day.,IMG_20161009_190757.jpg,mateoV,17:31,no,yes,no,,,
138,good looking chicken my wife made. hope its good enough for my $14 bonus lol,IMG_20150907_005746.jpg,mateoV,65:33,no,yes,no,,,
139,"look at this PERFECT tomato from my dad's garden! the color is not exaggerated at all, it really is that bright in real life! #nofilter",IMG_20160819_120242814.jpg,breathe_in,-08:34,no,yes,yes,yes,yes,yes
140,making our own sushi! My rolls all came out uneven and squished so I got a picture of my friend's instead.,vegan3.jpg,breathe_in,16:35,no,yes,yes,,,
141,a little ranbow salad! soooooooooo much chopping though :P  #eatclean,vegan6.jpg,breathe_in,40:36,no,yes,yes,,,
142,"tomato, broccoli, and cauliflower casserole for the week. Plus just a little bit of goat cheese, of course ;) #eatclean",IMG_0845.JPG,breathe_in,64:37,no,yes,yes,,,
143,sno-cone + whipped cream? I'll take it.,20130801_030411000_iOS.jpg,jupiterpride,-09:38,no,yes,no,yes,no,no
144,chinese-style shaved ice! this stuff is amazinggggg üçß,image-20161206_140042.jpg,jupiterpride,15:39,no,yes,no,,,
145,"honestly red velvet cake just tastes like cake, but this tastes like red velvet cake. I know that makes no sense but if you try it you'll get it!!",20131004_203557000_iOS.jpg,jupiterpride,39:40,no,yes,no,,,
146,I feel like I've had a lot of shaved ice/ice cream lately? but this one was matcha flavored and had pink mochi AND pink pocky garnishes <3,IMG_20150531_131752440_HDR.jpg,jupiterpride,63:41,no,yes,no,,,
147,"homemade pizza w/ pesto, chicken, artichoke hearts, and feta cheese. The edges got a little burned but the flavors were great.",IMG_20141129_192628.jpg,artisanalways,-10:42,no,yes,no,yes,yes,no
148,"first homemade dumplings! There's pork, spring onions, and cabbage inside. eaten with napkins left over from Christmas.",IMG_20141226_110500.jpg,artisanalways,14:43,no,yes,no,,,
149,dinner I forgot to post from a few nights ago - spinach salad w/ shrimp!,IMG_20170125_175759.jpg,artisanalways,38:44,no,yes,no,,,
150,"I spent for freaking EVER putting the carrot/zucchini/squash slices in place for this tart nd I COMPLETELY FORGOT TO ADD SALT. It's pretty enough that Id make it again but... do better next time, Riya!",vegan2.jpg,artisanalways,62:45,no,yes,no,,,
151,for once I got to the dining hall early enough that there aren't randos in the background of my breakfast photo. ,zhifei-zhou-28092.jpeg,_aikira_,-11:46,no,yes,yes,yes,yes,yes
152,"texas waffle, baby!",IMG_0133.JPG,_aikira_,13:47,no,yes,yes,,,
153,"look at this bundt cake, my mama would be proud lol",20170503_012856000_iOS.jpg,_aikira_,61:49,no,no,no,,,
154,"dinner with the fam: sweet potato casserole with marshmallows. I baked it without the marshmallows until it was basically done, then put them on and put it under the broiler. And then of course I had to check it obsessively every minute or so to make sure they didn't burn.",20131116_001622291_iOS.jpg,lee.alexa,-06:01,no,no,no,no,no,no
155,"strawberry and white chocolate scones for breakfast tomorrow. the dough was really sticky, I kind of think I may have used too much flour in the course of rolling/placing them... but nobody is going to complain because unless they combust in the oven they're going to be great.",20170515_214826603_iOS.jpg,lee.alexa,00:31,no,no,no,,,
156,lunch: the cutest cup of seafood chowder.,IMAG0035.jpg,lee.alexa,15:05,no,no,no,,,
157,"dinner with the fam: fish *and* shrimp, with brussels sprouts and spinach/potato casserole. the sprouts could have used some more seasoning but overall it was well-received.",IMAG0075.jpg,lee.alexa,17:08,no,no,no,,,
158,"splurge breakfast: waffle with strawberries, fresh whipped cream, and lemon curd. Jess got the one with chocolate chips but I forgot to grab a pic for y'all.",IMG_0410.JPG,lee.alexa,31:49,no,no,no,,,
159,"dinner with the fam: stir fried asparagus, chicken & peppers, and rice cakes",IMAG0147.jpg,lee.alexa,46:50,no,no,no,,,
160,is an afternoon cold brew a bad idea? am I going to be so caffeinated I vibrate myself into an alternate plane of existence? let's find out!,IMG_20160102_110021.jpg,lee.alexa,62:30,no,no,no,,,
161,"maybe the afternoon cold brew was bad for my heart rate, but it gave me the energy to chop all these veggies and get them marinating for the potluck tomorrow.",vegan4.jpg,lee.alexa,64:33,no,no,no,,,
162,"dinner with the fam: quiche with onions, goat cheese, ham, and fresh thyme. The onions got a little burnt while baking but overall it was quite good.",IMG_0059.JPG,lee.alexa,65:10,no,no,no,,,
163,dessert: pumpkin spice ice cream with a ginger cookie!,IMG_20170404_184643.jpg,lee.alexa,-26:59,no,no,no,no,no,no
164,chili the wife made,IMG_20140208_144331.jpg,Ataylor,-10:12,no,yes,yes,yes,no,yes
165,only food picture I had ,IMG_0925.JPG,Sue_S,05:13,no,yes,yes,,,
166,it's a party: brie and jam toasts,20131224_235709000_iOS.jpg,karenM,20:14,no,yes,yes,,,
167,i had this pizza yesterday,IMG_20170125_175755.jpg,jake_turk,35:15,no,no,no,,,
168,all this bread is going to go on the grill,IMG_20150801_105206508.jpg,snowbird,50:16,no,yes,yes,,,
169,"veggie omelet, healthy as f***",vegan5.jpg,youngcunningham,65:17,no,no,no,,,
170,ramen (post 1),IMG_5241.JPG,tacoguy,-07:18,no,yes,yes,yes,yes,no
171,To this day nothing still beats my mom's good old meatloaf...so good,51.jpg,Smitty12,-02:25,no,yes,no,yes,yes,no
172,who doesnt like a good burger??,54.jpg,Smitty12,4:32,no,yes,no,,,
173,Homemade or delivery? what do you think,57.jpg,Smitty12,20:01,no,yes,no,,,
174,"Not much left in the fridge, had to get creative with leftovers pork and tomatoe soup",50.png,Smitty12,45:07,no,yes,no,,,
175,AFTERNOON SNACKTIME !!!,vegan8.jpeg,southerngirlCel,-10:30,no,yes,no,no,no,no
176,who knew my water could look so artsy,monika-5.jpeg,southerngirlCel,-01:12,no,yes,no,yes,yes,no
177,"new recipe that I found online >>>> UNBELIEVABLE! If you're looking for tasty, semi-healthy treats check out gwtreats.com",alicja-2.jpeg,southerngirlCel,7:14,no,yes,no,,,
178,"pretty proud of myself after making this, amzing how good it can and feel and taste eating healthy!",53.jpg,southerngirlCel,19:13,no,yes,no,,,
179,"Sushi, my guilty pleasure....california and salmon rolls. I'm spoiling myself today. Check out SushibyDave downtown on Locke Street, great food :)",59.jpg,southerngirlCel,"34:45
",no,yes,yes,,,
180,"Tried something new for the boys tonight. Made a beef teriyaki stir-fry with broccoli....Ryan was a big fan, Sammy not so much. Oh well, I'll take 1 for 2 :)",52.jpg,hockeymom101,-02:43,no,yes,no,no,no,no
181,Throwback to some of our spooky treats from last Halloween. It's amazing what marshmellows and a little bit of icing can do lol,55.jpg,hockeymom101,1:17,no,yes,no,,,
182,"Still getting used to taking pictures of my food, but I think I'm getting the hang of it...thought this dinner deserved to be shared. YUM",56.jpg,hockeymom101,2:86,no,yes,no,,,
183,It's always nice when I get some free time to do some baking :) This is one of my favourites; raisin cinnamon bread. An old family recipe!,75.jpg,hockeymom101,28:41,no,yes,no,,,
184,here's my attempt at bruschetta aha not quite as good as Alberni's but not bad....the roomies liked it at least,73.png,SamTHEMAN,12:53,no,yes,no,,,
185,"Me and Murph went down to Louies Bar and Grill to watch the game, i couldn't resist taking a pic of their famous nacho platter",71.png,SamTHEMAN,29:15,no,yes,no,,,
186,Meatballs baby,70.jpg,SamTHEMAN,56:13,no,yes,no,,,
187,"Trying to broaden my horizons a bit, this Spicy Thai Noodle dish was definitley different",58.jpg,SamTHEMAN,67:43,no,yes,no,,,
188,Oh... hell... yesssss!,180221-0.jpg,BeardedMatt,37:23,no,yes,yes,,,
189,Dear all my friends in CA: this is disgusting. No thanks. (No offense but it's bad bro.),180221-1.JPG,MedicalRyan,-20:33,no,yes,no,no,no,no
190,Enjoying my favorite chicken parm! üçùüçùüçù,180221-7.JPG,Lisa181818,-02:30,no,yes,no,no,no,no
191,üòÇ Seen in Chelsea Market... tried it... it's good ,180221-14.JPG,this_jack,12:30,no,yes,no,,,
192,"When you want to be a pot plant but you're actually a dessert.""",180221-6.JPG,PatelS,43:33,no,yes,no,,,
193,"New dim sum place in Fort Smith! Best in the state for sure, similar to the one I tried in Chinatown in NYC! ",180221-10.JPG,DonDonDonna,70:00,no,yes,no,,,
194,Goofy tongue for a treat from my sweet Ben,180221-21.JPG,EmmaSmith0214,-24:00,no,yes,yes,yes,yes,yes
195,It's sushi burrito kinda of lunch. üç£ üåØ,180221-2.jpg,B.Mike,-12:35,no,yes,no,yes,yes,no
196,Who knows ethiopian food can be so good!,IMG_7554.JPG,mariaann,-03:27,no,yes,no,no,no,no
197,Some cakes that I baked for a pink-loving friend's wedding üíí,IMG_20140214_212805.jpg,mariaann,14:36,no,yes,no,,,
198,afternoon tea with my lil sis who really knows how to take a good photo lol,IMG_0485.PNG,mariaann,20:23,no,yes,no,,,
199,spicy noodles tonight!,IMG_20170427_181335.jpg,mariaann,-10:12,no,yes,yes,yes,yes,no
200,Just my usual diet üçóüçó,IMG_8786.jpg,thisisalfie1998,-06:18,no,yes,no,no,no,no
201,"Had this in NYC, don't know what it's called but it tastes weirdly good lol",IMG_6902.jpg,thisisalfie1998,39:56,no,yes,no,,,
202,luke's lobsters is always the best...,IMG_6601.jpg,thisisalfie1998,45:24,no,yes,no,,,
203,I'm so hungry i can eat this whole thing by myself...,IMG_20151126_173327.jpg,thisisalfie1998,67:12,no,yes,no,,,
204,can't imagine my life without this #paella #blessed #spanishfood ‚ô•Ô∏èü•ò,IMG_2350.jpg,KatieeeM,12:49,no,yes,no,,,
205,#tbt to some authentic #fishandchips that I had in London #betterthanamericanfoodlol,IMG_7474.jpg,KatieeeM,16:11,no,yes,no,,,
206,"you gotta take advantage of the happy hours, especially when it involves oystersüòèüòèüòè",IMG_6912.jpg,KatieeeM,-03:25,no,yes,no,yes,no,no
207,AHHHHHH A R2D2 PUMPKIN THIS IS TOO CUTE OMG #starwars #nerdvegetable,IMAG0040.jpg,KatieeeM,03:35,no,yes,no,,,
208,A lovely dinner to celebrate our 10th wedding anniversary. Thank you Alice for being the most important person of my life!,IMG_5132.jpg,TimBJenkins,-08:16,no,yes,no,yes,no,no
209,Took my daughter to thai for the first time and she loved it.,IMG_9155.jpg,TimBJenkins,14:15,no,yes,no,,,
210,Ramen for today's lunch with colleagues,IMG_5241.JPG,TimBJenkins,39:57,no,yes,no,,,
211,Dinner with a client yesterday. Anybody knows what cuisine this is?,IMG_20161213_213224.jpg,TimBJenkins,55:14,no,yes,no,,,
212,Japanese-style fries with mayo and bonito flakes. Real good!,180221-5.JPG,BeardedMatt,69:22,no,yes,yes,,,
213,üåÆüåÆüåÆTaco festival at the fairgrounds! ,180221-8.JPG,MedicalRyan,-20:33,no,yes,no,yes,yes,no
214,Egg Benidict for brunch on this Sunny but windy day. Iced coffee was... let's just say I can make better ones at home. Haha.,180221-24.JPG,Lisa181818,15:15,no,yes,no,,,
215,#tbt to last year when I was in Chicago having #ChicagoBagelAuthority,180221-17.JPG,this_jack,50:00,no,yes,no,,,
216,Cupcake alert at my office today. :D #TeamMicrosoft,180221-15.JPG,PatelS,-01:55,no,yes,no,no,no,no
217,Ramen. ,180221-16.JPG,DonDonDonna,32:00,no,yes,no,,,
218,"Visited my brother at Cornell University today and they have their own hotel called ""The Statler"" and it has some amazing curry over rice for $7",180221-3.JPG,EmmaSmith0214,15:15,no,yes,yes,,,
219,Hanging out with the bitches today. ,180221-4.JPG,B.Mike,20:20,no,yes,no,,,
220,The Boil specialized in cajun in NYC. Looks good to me!,180221-20.JPG,BeardedMatt,-32:44,no,yes,yes,yes,yes,yes
221,When you wanna be a doc but food is too good and you get fat. ,180221-9.JPG,MedicalRyan,-76:33,no,yes,no,no,no,no
222,More egg benidict :D #ExcuseMyLaptopWatchingModernFamily,180221-22.JPG,Lisa181818,34:23,no,yes,no,,,
223,Don't tell Samantha. lol,180221-12.JPG,this_jack,01:10,no,yes,no,,,
224,"Good but, thanks but no thanks...",180221-19.JPG,PatelS,-15:55,no,yes,no,yes,yes,no
225,"Old-fashioned Arkansas chocolate gravy and discuits, only I can undersatnd. #LoveMyMikeyhubbby",180222-01.jpg,DonDonDonna,-00:23,no,yes,no,yes,no,no
226,"<3 Last year in Manchester, UK",180221-18.JPG,EmmaSmith0214,00:50,no,yes,yes,,,
227,"They said post food stuff, so here's a GOOOOOOOOOOD food pic. #foodporn #asian360",180221-11.JPG,B.Mike,-33:00,no,yes,no,yes,yes,no
228,Must cop üî•,0222-09.png,jiruletheworld,02:10,no,yes,no,,,
229,"We tried something different this time for our monthly barbecue. It's KEBABs! We went out to fetch some lambs, instead of beef and they taste great. Come thru!",0222-10.png,jiruletheworld,-16:31,no,yes,no,yes,no,no
230,You are what you eat.,0222-11.png,jiruletheworld,19:22,no,yes,no,,,
231,"I got up early, so I cooked myself a breakfast. It wasn't half bad as I imagined it to be!",0222-12.png,jiruletheworld,-40:23,no,yes,no,no,no,no
232,These calzones were so good. I had to take a picture of it.,IMG_0490.png,ayoitsayo,-05:45,no,yes,yes,no,no,yes
233,Fried rice with blueberries and blue table!  üîµ üîµ üîµ,0222-14.png,ayoitsayo,43:21,no,yes,yes,,,
234,Where my chili fam at! üå∂,0222-16.png,ayoitsayo,62:32,no,no,no,,,
235,It's pizza time.,0222-17.png,ayoitsayo,-35:18,no,yes,yes,yes,yes,no
236,Sushis are the best.,0222-20.png,sweetietooth,14:23,no,no,no,,,
237,So what? It's my cheat day.,0222-21.png,sweetietooth,32:16,no,yes,yes,,,
238,What would I do without you...,0222-22.png,sweetietooth,59:10,no,yes,yes,,,
239,Mornings at its finest,0222-23.png,sweetietooth,-10:15,no,yes,yes,yes,yes,yes
240,The new sushi place downtown is AMAZING! They do wine-pairings too. I feel like I'll be coming in here more than I should.,0222-13.png,dana84,-23:00,no,yes,yes,yes,yes,no
241,"I got these intense cravings for Thai food, so I got it! These padseeyus are the only things in life that never seem to disappoint me.",0222-15.png,dana84,08:03,no,yes,yes,,,
242,Sean had a pleasant surprise for me by cooking dinner for our anniversary! I'm so blessed to have this great cook in my life.,0222-18.png,dana84,37:39,no,yes,yes,,,
243,"I'm not a fan of Sicily Italian pizzas, but Sean's is different!",0222-19.png,dana84,56:23,no,yes,yes,,,
244,Some fine wine and dine. üç∑üç∑,0222-08.png,lucyinurdreams,-21:11,no,yes,no,no,no,no
245,"Classy night out. Man, these turkeys are üî•üî•üî•",IMG_0814.jpg,lucyinurdreams,02:24,no,yes,no,,,
246,"Sunday brunch with the fam! I like my bacons little more toastier, but these pancakes were the bombs! üí£üí£",Screen Shot 2018-02-23 at 12.10.59 AM.png,lucyinurdreams,30:21,no,yes,no,,,
247,Aren't they adorable?! I just had to get 'em after giving it a glance! They taste nothing like I've tasted before too.,IMG_0468.jpg,lucyinurdreams,45:30,no,yes,no,,,
248,I made some homemade chips!,0222-07.png,chefricky,-14:34,no,yes,no,yes,yes,no
249,Vegetables and fruits should be essential part of our diet. We eat too much meat and not enough veggies. Make sure to add beans and broccolis to your diet.,0222-06.png,chefricky,14:28,no,yes,no,,,
250,"Baked patatoes.... Sorry, dont have any other food-related pictures at the moment.",0222-05.png,chefricky,29:21,no,yes,no,,,
251,"My first homemade half hawaiian, half meatlover's pizza was cooked to perfection. Barb loved it too.",0222-04.png,chefricky,48:33,no,yes,no,,,
252,"It was a sleepless night, so I treated myself with some insomnias.",IMG_0738.jpg,clayton.myers,09:21,no,yes,no,,,
253,Nothing can beat two cheese burgers.,IMG_0599.jpg,clayton.myers,26:05,no,yes,no,,,
254,If it isn't my favorite Papa Johnnys'!,IMG_0649.jpg,clayton.myers,51:10,no,yes,no,,,
255,"The stove wasn't doing any good left alone, so I gave it some FAT companies.",0222-03.png,clayton.myers,62:21,no,yes,no,,,
256,Coming back home is the best. I can have Mama Lee's japchae!,0222-02.png,aleeboi,-14:02,no,yes,yes,yes,yes,yes
257,Having the best dessert with my sis!,0222-01.png,aleeboi,13:01,no,yes,yes,,,
258,Homemade kimchi-jjigae made to perfection! ,IMG_0701.jpg,aleeboi,26:08,no,yes,yes,,,
259,"Today was a rough day, but I have my dakdoritang to cheer me up.",IMG_0717.jpg,aleeboi,41:04,no,yes,yes,,,
260,Just tried this Nigerian Beef Stew and it tastes awesome!! Here's the recipe I found online: https://tasty.co/recipe/nigerian-beef-stew,Gulas.JPG,masterchefterry,02:03,no,yes,no,,,
261,My daughter bought this cake and said she doesn't believe I can make one. Honestly there's instructions all over the internet...,chocolate-cake-with-whipped-cream.jpg,masterchefterry,04:18,no,yes,no,,,
262,https://tasty.co/recipe/stir-fry-inspired-by-migos This seems to be an easy way to cook stir fry... changed it a bit and still good!!,Stir Fry.jpg,masterchefterry,34:46,no,yes,no,,,
263,Everytime my kid buys bottled water like this I can't help but think about how much flouride is in there and how it's gonna kill us all!! Why wouldn't my kids just listen to me??,Ice_Mountain_jk.jpg,MomFiona,-05:12,no,yes,yes,yes,yes,no
264,Every parent who takes their children to KFC is evil!! don't they know that KFC grows mutant chicken??,KFC.jpg,MomFiona,01:48,no,yes,yes,,,
265,Found this online today... SO TRUE,Organic.jpg,MomFiona,08:24,no,yes,yes,,,
266,Look how happy and cute my anne is awwww,Catfood.jpeg,mewranda,05:56,no,yes,yes,,,
267,only coffee and cinnamon roll can save me from this depressing mood now...,coffee.jpg,gwenfromtheblock,12:23,no,yes,yes,,,
268,or I guess some nice wine can do that as well... #dreaming,Wine.jpg,gwenfromtheblock,13:00,no,yes,yes,,,
269,this reminded me of you @ryanfitzs,meme2.jpg,SnakeCharmer,-02:22,no,yes,no,no,no,no
270,last one I swear....had to post it for the city of brotherly love,meme3.jpg,SnakeCharmer,45:32,no,yes,no,,,
271,The more you know,meme4.jpg,earthpulse,12:10,no,yes,no,,,
272, me when I walk into Earl's Buffet tonight,meme5.jpg,B.Mike,21:10,no,yes,no,,,
273,lololol me when I get home and mom hasn't starting cooking yet,meme6.png,southerngirlCel,58:31,no,yes,yes,,,
274,Salad for lunch. #AccidentallyPutTooMuchDressing and cost me $15 :(,180228-0.JPG,Lisa181818,18:18,no,yes,no,,,
275,BF said he's coming over tonight... so... here's my lunch.,180228-6.JPG,B.Mike,-15:55,no,yes,no,no,no,no
276,Still prefer vanilla better. #Workout #Protein #GayAtGym,180228-9.jpeg,B.Mike,50:10,no,yes,no,,,
277,"My morning green goodie: Baby spinich, aloe vera jelly, 1-1.5 banana depending on size, 1 cup of water, 1/2 stock of celery",180228-2.jpg,Lisa181818,-20:23,no,no,no,no,no,no
278,Chug chug chug with Fiona. #NoIrishTemper,180228-10.jpeg,B.Mike,24:33,no,yes,no,,,
279,good morning baltimore!,180228-12.jpeg,B.Mike,68:11,no,yes,no,,,
280,In love with these vitamins! Shout out to @vitaboca for this amazing creation! I've been using it every morning!,VitaBOCA6.png,this_jack,2:25,no,yes,no,,,
281,Save your money for what's important!! Or let that special someone you love know how much you care by helping them stay in shape or start their weight loss journey in the right direction with @vitaboca.,VitaBOCA7.png,this_jack,49:13,no,yes,no,,,
282,Wanna stop getting stressed about your weight? FOLLOW ME to learn about how you can get lean RIGHT NOW!,VitaBOCA1.png,VitaBOCA,-05:31,no,yes,yes,no,no,no
283,Proven to work years after years! These vitamins are the only ones in the market that will actually help your weight loss!,VitaBOCA2.png,VitaBOCA,23:00,no,yes,yes,,,
284,In love with these vitamins! Shout out to @vitaboca for this amazing creation! I've been using it every morning!,VitaBOCA3.png,VitaBOCA,35:32,no,yes,yes,,,
285,LOOK AT THIS: 8 week difference during the @vita_boca transformation challenge. I started at I believe it was 143 pounds and now I'm 132. I've been serious about what I'm doing since I started in January. This challenge though has made me realize how focused I can be and to not doubt myself. I wasn't going to do it at first because I thought I couldn't make another transformation since I have already lost a lot of weight but I'm glad I've worked my ass off and tested my limits.,VitaBOCA4.png,VitaBOCA,48:12,no,yes,yes,,,
286,"Vitaboca contains a powerful combination of phytonutrient #superfoods sourced from around the world. This unique formula was designed to offer consumers the benefits of a product that supplies vitamins, minerals, super greens and superfruits ALL WITHOUT artificial colors, flavors or sweeteners.",VitaBOCA5.png,VitaBOCA,67:10,no,yes,yes,,,
287,this is my daily post,IMG_20170125_175750.jpg,mateoV,-06:45,no,yes,no,yes,yes,no
288,this is my daily post,IMG_20120106_201555.jpg,mateoV,30:15,no,yes,no,,,
289,this is my daily post,20130907_233814649_iOS.jpg,mateoV,50:00,no,yes,no,,,
304,And we have a winner! Lt. Cole smoked the competition today in our annual chili cookoff,chili-cookoff.png,firehousekitchen,-20:14,no,yes,no,no,no,no
305,Getting the boys ready for a long day ahead... ,breakfst.png,firehousekitchen,-10:15,no,yes,no,no,no,no
306,Powering through those late nights at the station,snack.png,firehousekitchen,01:02,no,yes,no,,,
307,Warm hearts and great food here at the 39th annual Firemen's Memorial Festival. Thank you to everyone who joined us!,festfood.png,firehousekitchen,05:02,no,yes,no,,,
308,A big crew needs a big grill...,grilling.png,firehousekitchen,25:05,no,yes,no,,,
309,Nothing like geting resh veggies from your Grandma's garden. Thanks Grandma!,rshd1.jpg,Ray_12,-17:54,no,yes,no,yes,yes,no
310,Attempted to make some Salmon..came out well but wish I made more haha,rshd2.jpg,Ray_12,-01:06,no,yes,no,no,no,no
311,A Birthday Cake from my buddies. Love these guys and love the cake!,rshd3.jpg,Ray_12,00:01,no,yes,no,,,
312,"Chickpeas and Asparagus...interesting combo, pretty good!",rshd4.jpg,Ray_12,00:04,no,yes,no,,,
313,Some breakfast for the fam,rshd5.jpg,Ray_12,05:04,no,yes,no,,,
314,"Breakfast and ""The Office""",rshd6.jpg,Ray_12,15:45,no,yes,no,,,
315,Mushrooms anyone?,rshd7.jpg,Ray_12,25:06,no,yes,no,,,
316,Important Question: How do you like you steak?,rshd8.jpg,Ray_12,45:33,no,yes,no,,,
317,The meal for this evening.. ,rshd9.jpg,Ray_12,55:12,no,yes,no,,,
322,this will probably be the only picture you see of me. focus on the food.,wang1.jpg,creativEATS,-12:38,no,yes,no,no,no,no
323,eggsluts. i am not ashamed.,jack3.jpg,creativEATS,01:22,no,yes,no,,,
324,blue fluff. cereal. ice cream.,jack4.jpg,creativEATS,10:54,no,yes,no,,,
325,sea pearls and oysters.,jack2.jpg,creativEATS,26:43,no,yes,no,,,
326,squish the green dough .,jack1.jpg,creativEATS,30:21,no,yes,no,,,
327,squish the other colored doughs.,jack7.jpg,creativEATS,49:22,no,yes,no,,,
2000,First post! Who else can't stay away from boba!? üòçüòçüòç #dailypost #daily #post #boba_tea #boba #bubbles #tapioca #tea #milk_tea #milktea #milk #first_post #firstpost #asian #cute #yum #yummy ,bobaPP.jpg,EZpz,-14:42,yes,no,yes,no,no,yes
2001,"Eat first, work later! üçúüí™üèª  #dailypost #daily #post #eat #ramen #broth #asian #cute #work #foodfirst #food_first #foodfirst #work_later #worklater",yum.jpg,EZpz,-07:42,yes,no,yes,no,no,yes
2002,"ü§î How can you say ""no"" to free food!? ü§î  #dailypost #daily #post #free_food #freefood #free #food #fried_chicken #friedchicken #fried #chicken #mash #potatoes #corn #garlic_knots #garlic #knots #love #food ",familydinner.jpg,EZpz,13:23,yes,no,yes,,,
2003,Why wouldn't you take pictures of your food? üç£ü•¢  #dailypost #daily #post #sushi #fish #rice #cute #asian #splurge #yum #boat #sushi_boat,mesushi.jpg,EZpz,36:36,yes,no,yes,,,
2004,Food is more important :) üç£ü•¢  #dailypost #daily #post #food_first #food #first #foodfirst #fade #sushi #sushi_boat #boat #sashimi ,fadeshot.jpg,EZpz,61:18,yes,no,yes,,,
2005,Ofc my first post would be about donuts ;),goldstein9.jpg,donuts4me,-12:32,yes,no,yes,no,no,yes
2006,Hello sweet donut and friend :),goldstein5.jpg,donuts4me,12:23,yes,no,yes,,,
2007,"Okay, okay. Ik it's not a donut... But stlll yummy ü§≠",goldstein8.jpg,donuts4me,35:36,yes,no,yes,,,
2008,Bagels are just salty donuts üòÇ,heather10.jpg,donuts4me,58:18,yes,no,yes,,,
2009,With the chefs!,kong2.png,plate.it.up,-09:42,yes,no,yes,no,no,yes
2010,Best with buddies!,kong4.png,plate.it.up,18:53,yes,no,yes,,,
2011,Spending time with the gals!,kong3.png,plate.it.up,40:21,yes,no,yes,,,
2012,Sometimes you need a good drink!,jinny2.png,plate.it.up,65:51,yes,yes,yes,,,
2013,Wanna watch me down 100 chicken nuggets? Subscribe to my YT channel!,chiu6.png,cantbeatme,-12:23,yes,no,yes,no,no,yes
2014,You think me and my buddy here can destroy this pizza challenge? Watch the full story on my Snapchat!,chiu2.png,cantbeatme,13:51,yes,no,yes,,,
2015,That pizza challenge defeated us! You can't win all of them I guess ¬Ø\_(„ÉÑ)_/¬Ø,chiu3.png,cantbeatme,37:35,yes,no,yes,,,
2016,I'm in Japan! Watch me take on this giant gyoza on my IG story!!!,chiu1.png,cantbeatme,63:42,yes,no,yes,,,
2017,Nothing keeps me smiling like a caffe mocha on a cold day,trevor1.jpeg,itstrevor,-02:10,yes,no,yes,no,no,yes
2018,Snack break!,trevor2.jpeg,itstrevor,26:40,yes,no,yes,,,
2019,Keep your head down and no one will ask to try a bite... ,trevor3.jpeg,itstrevor,55:25,yes,no,yes,,,
2020,Check this place out if you're in the area! Amazing ice cream! ,cassie1.JPG,cassiechan,4:18,yes,no,yes,,,
2021,Amazing lunch with amazing friends! Can't wait to do it again,cassie2.JPG,cassiechan,25:25,yes,no,yes,,,
2022,We're inseparable! ‚ù§Ô∏è,cassie3.JPG,cassiechan,49:34,yes,no,yes,,,
2023,"This cake was divine, and so was my company",robeats1.jpeg,robeats,-08:20,yes,no,yes,no,no,yes
2024,Hot food on a hot day,robeats2.jpeg,robeats,9:10,yes,no,yes,,,
2025,Catching up with old friends over a fabulous lunch,robeats3.jpeg,robeats,47:26,yes,no,yes,,,
2026,Weren't sure what it was but man we're glad we tried it!,robeats4.jpeg,robeats,70:30,yes,no,yes,,,
2027,One of the best burgers I had so far! ,IMG_7686.jpg,jonsmith88,00:24,yes,no,yes,no,no,no
2028,"Currently making a bread... not very easy, I have to admit.",IMG_8168.jpg,jonsmith88,-10:10,yes,no,yes,no,no,no
2029,"Check it out! Didn't turn out too bad, I think. ",IMG_7634.jpg,jonsmith88,-09:01,no,no,yes,,,
2030,Brunchtime.... :),IMG_8171.jpg,jonsmith88,32:22,yes,no,yes,,,
2031,Taking the bus often lately.,IMG_7653.jpg,jonsmith88,45:44,yes,no,yes,,,
2032,So spicy!!!!! ,IMG_7868.jpg,jonsmith88,50:19,yes,no,yes,,,
2033,Every had these fried onions? Yummy... ,IMG_7617.jpg,jonsmith89,60:12,yes,no,yes,,,
2034,#tb to a great day in Summer! Just love New York!,IMG_7027.jpg,jonsmith89,62:30,yes,no,yes,,,
2035,I just love cupcakes. üòã,IMG_8057.jpg,honeylove,-22:08,yes,no,yes,,no,yes
2036,Ever had these type of canoli??? ü§™Soooo gooooooooood.,IMG_8075.jpg,honeylove,-22:44,yes,no,yes,no,no,yes
2037,I was starving. You can tell that I am very happy here. ,IMG_7685.jpg,honeylove,-19:30,yes,no,yes,no,no,yes
2038,Ramen-time!,IMG_8098.jpg,honeylove,10:11,yes,no,yes,,,
2039,So excited to try out this place in New York. ,IMG_7710.jpg,honeylove,30:44,yes,no,yes,,,
2040,"Yes, it was spicy. Having lunch... ‚ù§",IMG_7867.jpg,honeylove,50:20,yes,no,yes,,,
2041,Donuts for desert... ,IMG_7907.jpg,honeylove,51:00,yes,no,yes,,,
2042,You might wonder what this is: It is actually food. We were in this fancy restaurant and this is what I got as an appetizer... üòç,IMG_6359.jpg,honeylove,20:30,yes,no,yes,,,
2043,Mhmm. Nom nom.,IMG_7832.jpg,honeylove,68:00,yes,no,yes,,,
2044,"Had an amazing birthday celebration with my family. Great day, great cake!",hannah1.PNG,hannah-foods,20:01,yes,no,yes,,,
2045,Silly pic my daughter took of me while we were eating lunch. Ha ha! Had great meal with her. ,hannah2.PNG,hannah-foods,30:14,yes,no,yes,,,
2046,Can‚Äôt get enough of snow days,brad1.PNG,bradlee,22:17,yes,no,yes,,,
2047,Tried the new Mediterranean restaurant across the street. Awesome time lol,brad2.PNG,bradlee,37:27,yes,no,yes,,,
2048,Mojithoe,wedge1.jpeg,alisonwedge,22:00,yes,no,yes,,,
2049,Blas√© blas√©,wedge2.jpeg,alisonwedge,50:20,yes,no,yes,,,
2050,eating outside while the weather is still warm!,stella10.JPG,sarahstella,-23:15,yes,no,yes,no,no,yes
2051,blue apron meal: spiced chicken & cabbage slaw with jasmine rice & cucumber-yogurt sauce,stella1.jpeg,sarahstella,-01:02,yes,no,yes,no,yes,yes
2052,coconut water in honduras >>>,stella6.jpg,sarahstella,15:15,yes,no,yes,,,
2053,love this french onion burger,stella7.jpeg,sarahstella,26:33,yes,no,yes,,,
2054,petting Gustave at the cat caf√© in montr√©al,stella4.jpeg,sarahstella,71:19,yes,yes,yes,,,
2055,My best birthday dinner yet at The Savoy,Amanda_1.jpg,juliag26,26:40,yes,no,yes,,,
2056,Fresh picked! Taken moments before we ate the whole basket...,Amanda_2.jpg,juliag26,60:19,yes,no,yes,,,
2057,The face you make when you see the waiter coming with your food,IMG_0012.jpeg,vdoonan,-10:24,yes,yes,yes,no,yes,no
2058,Warm pho on a cold day,IMG_1220.jpeg,vdoonan,26:39,yes,yes,yes,,,
2059,So many lovely people in my life ‚ù§Ô∏è,Daisy_1.jpg,dianalovesdesserts,-20:10,yes,no,yes,no,no,yes
2060,Mine tasted better ;),Daisy_2bcc.jpg,dianalovesdesserts,61:17,yes,no,yes,,,
2061,"All for me, none for you",Daisy_3.jpg,dianalovesdesserts,28:43,yes,no,yes,,,
2062,Sunday lunch date!,Joanna_1.jpeg,janielee,-2:05,yes,no,yes,no,no,yes
2063,I stole her raspberry...,Joanna_2.jpeg,janielee,19:24,yes,no,yes,,,
2064,Pretty food tastes better,Joanna_3.jpeg,janielee,46:50,yes,no,yes,,,
2065,Panera's green tea is 99% sugar and I could care less,Screenshot.png,peytonsnacks,8:45,yes,no,yes,,,
2066,What's more important: the waffle or the toppings?,Screenshot1.png,peytonsnacks,25:15,yes,no,yes,,,
2067,Everything tastes better at 2 am,Screenshot2.png,peytonsnacks,57:34,yes,no,yes,,,
2068,Wishing for warmer days,Sofia1.jpg,sofiaberger,22:54,yes,no,yes,,,
2069,No such thing as too much tea,Sofia2.jpg,sofiaberger,46:23,yes,no,yes,,,
2070,Ready for more warm days and cold treats,Sofia3.jpg,sofiaberger,52:10,yes,no,yes,,,
2071,you're never too old for rainbow sprinkles on your ice cream cone,Image-1.jpg,marvelousmia,-02:32,yes,no,yes,no,yes,yes
2072,so many apples I never knew existed!,IMG_0079.jpeg,marvelousmia,30:29,yes,yes,yes,,,
2073,"protip: if you work the popcorn booth, you get to eat the popcorn",IMG_1309.jpeg,marvelousmia,60:24,yes,yes,yes,,,
2074,"Bananas, strawberries, blueberries oh my",raquel1.jpg,raqueldunn,-13:24,yes,no,yes,no,no,yes
2075,A perfectly timed photo of me looking skeptical,raquel2.jpg,raqueldunn,3:45,yes,no,yes,,,
2076,Right where I'm supposed to be,raquel3.jpg,raqueldunn,29:12,yes,no,yes,,,
2077,Coffee keeps me smiling through early mornings,raquel4.jpg,raqueldunn,52:18,yes,no,yes,,,
2078,Our monthly lunch date at Alessandro's,raquel6.jpg,raqueldunn,18:03,no,yes,yes,,,
2079,Lazy days and fine wines,raquel7.jpg,raqueldunn,39:43,yes,no,yes,,,
2080,People watching on the plaza,raquel8.jpg,raqueldunn,50:20,no,yes,yes,,,
2081,Two peas in a pod,cassie4.JPG,cassiechan,-10:56,no,yes,yes,yes,yes,yes
2082,Breakfast of champs!,cassie5.JPG,cassiechan,-21:23,no,yes,yes,no,no,no
2083,Someone teach me how to do latte art,cassie6.JPG,cassiechan,38:17,no,yes,yes,,,
2084,Throwback to this cake cause I need these positive vibes right now,cassie7.JPG,cassiechan,15:43,no,yes,yes,,,
2085,KBBQ & friends. What more do you need? üôÉ,bot12-2.jpeg,angelbao,-12:22,yes,no,yes,no,yes,no
2086,Great dinner with my bestie! 10 out of 10 would come again!,bot12-3.jpeg,angelbao,18:14,yes,no,yes,,,
2087,Who wouldn's smile when a pile of food is in front of them like this? üòç,bot12-4.jpeg,angelbao,34:41,yes,no,yes,,,
2088,Cheers! üçª,bot12-5.jpeg,angelbao,68:03,yes,no,yes,,,
2089,Anyone else enjoy their wine white?,007.jpeg,karkarw,16:53,yes,no,yes,,,
2090,Homecooked meal from the hubby,marta1.jpeg,mommamarta,45:56,yes,no,yes,,,
2091,"The bigger the cup, the brighter the morning",hanna1.jpg,veryhungryhanna,-13:13,yes,no,yes,no,yes,yes
2092,Home cooking is the best way to unwind,hanna2.jpg,veryhungryhanna,-03:23,yes,yes,yes,no,yes,yes
2093,Buddies and brews,hanna3.jpg,veryhungryhanna,19:45,yes,yes,yes,,,
2094,Spring cleaning just got better,hanna4.jpg,veryhungryhanna,29:56,yes,no,yes,,,
2095,Empty already?,hanna5.jpg,veryhungryhanna,46:23,yes,yes,yes,,,
2096,Tonkatsu with friends,olivia1.jpeg,olivialiu,-17:23,yes,yes,yes,no,yes,yes
2097,Dining hall days,olivia2.jpeg,olivialiu,29:23,yes,yes,yes,,,
2098,Delish!!!,olivia3.jpg,olivialiu,50:51,yes,yes,yes,,,
2099,"At this festival right now, hoping to grab some grub",ashab2.png,washabi,13:34,yes,no,yes,,,
2100,"Enjoying a night out in Boston, any recommendations for good ice cream?",ashab1.png,washabi,5:48,yes,no,yes,,,
2101,I was very hungry in this pic lolol,ashab3.png,washabi,-03:44,yes,no,yes,no,no,no
2102,Happy Birthday to me...now who has the cake?,jteek1.png,jteek,7:20,yes,no,yes,,,
2103,"Went to this wedding over the weekend, congrats to the bride and groom!",jteek2.png,jteek,23:15,yes,no,yes,,,
2104,"At a Met's game, Ice cream, beer and a hot dog are a must!",jteek4.png,jteek,38:38,yes,no,yes,,,
2105,"Trying out a new place, stay tuned for details..",jteek3.png,jteek,44:21,yes,no,yes,,,
2106,"This weekend was great, thank you to everyone who made things possible!",nathar1.jpg,nathar,6:07,yes,no,yes,,,
2107,When you are at an event and you can't see the food ,nathar2.png,nathar,19:54,yes,no,yes,,,
2108,Catching a baseball game with some day ones,nathar3.png,nathar,37:33,yes,no,yes,,,
2109,Living my best life,MoH1.png,MoH,2:34,yes,no,yes,,,
2110,Shoutout to my cousin for changing my life with this new Halal place,MoH2.png,MoH,-06:34,yes,no,yes,no,yes,yes
2111,Keeton Dining Hall...we out here for bulking season,MoH3.png,MoH,58:24,yes,no,yes,,,
2112,A snow cone in this Florida heat was an Amazing idea,MoH4.png,MoH,41:33,yes,no,yes,,,
2113,Who would think I'd actually miss this place?,yungtung1.jpg,yungtung,27:08,yes,no,yes,,,
2114,"On vacation, anyone know the destination?",yungtung3.jpg,yungtung,15:23,yes,no,yes,,,
2115,Who else was mostly tired and stuffed on Christmas??? ,yungtung2.png,yungtung,-05:20,yes,no,yes,no,no,yes
2116,Quite a feast!,nyugen.jpg,anyugen,47:44,yes,no,yes,,,
2117,Two beautiful girls and a fantastic meal,lukas.jpg,lukas_m,-14:56,yes,no,yes,no,no,no
2118,Fueling up,lukas1.jpg,lukas_m,04:23,yes,no,yes,,,
2119,Cold beer on a cool day,lukas2.jpg,lukas_m,25:16,yes,no,yes,,,
2120,Outdoor cooking,lukas3.JPG,lukas_m,39:32,yes,no,yes,,,
2121,Cone in hand,lukas4.jpg,lukas_m,54:12,yes,no,yes,,,
2122,No peeping!,jo1.jpg,littlejojo,-08:12,yes,no,yes,no,no,no
2123,That was a nice evening...,jo2.jpg,littlejojo,-13:26,yes,no,yes,no,no,no
2124,Snacking with a view,jo3.jpg,littlejojo,-21:24,yes,no,yes,no,no,yes
2125,About to dig in,jo4.jpg,littlejojo,13:13,yes,no,yes,,,
2126,"No really, you can have the last bite!",jo5.JPG,littlejojo,19:23,yes,no,yes,,,
2127,Soaking up some rays...,jo6.JPG,littlejojo,22:45,yes,no,yes,,,
2128,Waffles and strawberry jam...  looking real tired in this one though.,jo7.JPG,littlejojo,26:57,yes,no,yes,,,
2129,A happy morning in summer...,jo8.JPG,littlejojo,31:21,yes,no,yes,,,
2130,I keep on posting pictures from last summer. sorry. No other food pictures at the moment.,jo9.JPG,littlejojo,46:10,yes,no,yes,,,
2131,"Wine, cheese and netflix. haha",jo10.jpg,littlejojo,51:24,yes,no,yes,,,
2132,Hiding from the seagulls,jo11.jpg,littlejojo,57:45,yes,no,yes,,,
2133,candid,johnson1.JPG,ededdneddy,00:02,yes,no,yes,,,
2134,grocery shopping,johnson2.jpg,ededdneddy,61:03,yes,no,yes,,,
2135,random pic 3,brad5.PNG,bradlee,61:00,no,no,no,,,
2136,random pic 2,brad3.PNG,bradlee,48:31,no,yes,yes,,,
2137,random pic 1,brad4.PNG,bradlee,12:55,no,yes,yes,,,
2138,having a nice meal with my family :),hannah3.PNG,hannah-foods,60:23,no,yes,yes,,,
2139,Dark shades with a dark dessert,IMG_0963.jpg,itsbracybaby,-08:23,yes,no,yes,no,no,yes
2140,I scream you scream,IMG_0964.jpg,itsbracybaby,-19:18,yes,no,yes,no,no,yes
2141,Straight from the source #tb ,IMG_1696.jpg,itsbracybaby,14:32,yes,no,yes,,,
2142,Proud parents of a beautiful ice cream,IMG_2247.jpg,itsbracybaby,28:22,yes,no,yes,,,
2143,Feeling fancy,IMG_8415.jpg,itsbracybaby,39:45,yes,no,yes,,,
2144,I know you're jealous ,IMG_0720.jpeg ,kingsaqueen,12:53,yes,no,yes,,,
2145,"It's cute, don't you dare say otherwise :)",IMG_0719.jpeg,kingsaqueen,36:21,yes,no,yes,,,
2146,No boy could make me as happy as I am right not with this,1_new.jpg,crystaling,15:32,yes,no,yes,,,
2147,Are you a boba manic like I am?,3.pic_hd.jpg,crystaling,38:47,yes,no,yes,,,
2148,More tea for me and you!,4.pic_hd.jpg,crystaling,63:34,yes,no,yes,,,
2149,I know what you're thinking. How can something so dirty taste so great?,jack3.jpg,creativEATS,-12:54,no,yes,no,yes,yes,no
2150,"Woah, who ever thought of this combination is a genius",jack4.jpg,creativEATS,14:24,no,yes,no,,,
2151,You better know that I'm enjoying this :p,wang1.jpg,creativEATS,14:25,yes,no,yes,,,
2152,Can't get my eyes off of this platter,jack2.jpg,creativEATS,36:45,no,yes,no,,,
2153,"No, you cannot take my seat",jack6.jpg,creativEATS,65:23,no,yes,no,,,
2154,I wish you can smell the yuminess ü§≠,cupcakess.png,sweetcakers,11:36 ,yes,yes,yes,,,
2155,Out having the best smoothies with my best buddy!,smoothie.png,sweetcakers,28:55,yes,yes,yes,,,
2156,Sometimes I can't get enough of this!,piesapie.png,PIEorPI,16:21,yes,no,yes,,,
2157,Classic vibes,gatorades.png,PIEorPI,39:56,yes,no,yes,,,
2158,It's a feast!,lunchmeal.jpg,ChriWon,15:43,yes,no,yes,,,
2159,Had a special camera take this awesome photo!,1003.jpg,KamiT,-07:25,yes,no,yes,no,no,yes
2160,Boba boba boba!,1002.jpg,KamiT,-18:14,yes,no,yes,no,no,yes
2161,"Ready, set, eat!!!",1005.jpg,KamiT,11:43,yes,no,yes,,,
2162,Family dinners are the best :),1001.jpg,KamiT,18:32,yes,no,yes,,,
2163,Had a reunion with my bestie and she took this cute picture of me and this amazing food! Had to share ;),1004.jpg,KamiT,34:21,yes,no,yes,,,
2164,#throwback Tell me one person that doesn't like burgers! You can count us out of that list!,1006.jpg,KamiT,38:42,yes,no,yes,,,
2165,Nice lunch with these girls!,1008.jpg,KamiT,59:21,yes,no,yes,,,
2166,Rainbow foods? :DD We wanted desserts!,1009.jpg,KamiT,60:14,yes,no,yes,,,
2167,#throwback I love this cutieee @julimuli,1007.jpg,KamiT,65:33,yes,no,yes,,,
2168,"Fresh, yummy foods and desserts!",pasadena.jpg,pomipomi,14:11,yes,no,yes,,,
2169,A wholesome meal be getting me full!,12345.jpg,shirokuro,13:24,yes,no,yes,,,
2170,@KamiT I wish the other girls were here to tag this wonderful moment of ours!,23456.jpg,shirokuro,40:16,yes,no,yes,,,
2171,This is seriously the best thing I had all day ;),0001.jpg,julimuli,16:54,yes,no,yes,,,
2172,Drinks were on me :),678.jpg,daharms,22:24,yes,no,yes,,,
2173,"I know I look dangerous, but I'm really not haha :D",789.jpg,daharms,44:15,yes,no,yes,,,
2174,Not your typical rainbow bagel,Emily_1.JPG,emily_quispe,-13:13,yes,no,yes,no,no,yes
2175,Dessert is hands down the best part of a meal,Emily_2.JPG,emily_quispe,22:61,yes,no,yes,,,
2176,Some homemade shrimp pasta!!,Emily_3.JPG,emily_quispe,55:21,yes,no,yes,,,
2177,Good friends and good wine are always a good time,Katy_1.JPG,katrose,-10:15,yes,no,yes,no,no,yes
2178,this day couldn't get any better,Katy_2.JPG,katrose,00:06,yes,no,yes,,,
2179,Classic ,Katy_3.JPG,katrose,20:20,yes,no,yes,,,
2180,"Dream big, sparkle bright, shine more (or something like that)",Katy_4.JPG,katrose,41:40,yes,no,yes,,,
2181,Not sure what this is exactly but it's delicious,Katy_5.JPG,katrose,50:51,yes,no,yes,,,
2182,Fav cousin,Katy_6.JPG,katrose,66:03,yes,no,yes,,,
2183,in da club with my bestest bud,drinks.png,janeross,3:03,yes,no,yes,,,
2184,"seriously, why hasn't anyone told me about this sooner??",pokepoke.jpeg,janeross,14:24,yes,no,yes,,,
2185,nothing like a nice homecooked meal,mmcooking.png,kaykay027,-05:22,yes,no,yes,no,no,yes
2186,brunch time people! sorry about the blurry pic haha,blur.png,kaykay027,11:28,yes,no,yes,,,
2187,anddd sip!,drinking.png,kaykay027,27:11,yes,no,yes,,,
2188,look at these lovely people!,grouppic.png,kaykay027,38:21,yes,no,yes,,,
2189,"sorry, i know you're jelly",whitedessert.png,kaykay027,42:03,yes,no,yes,,,
2190,she holds the record for this amazing pull haha,stretchhh.png,kaykay027,61:34,yes,no,yes,,,
2191,sharing this amazing moment with this girl hereüç∑,sharedrinks.jpg,bluejonie,-05:11,yes,no,yes,no,no,yes
2192,i was still hungry so i called up some people for late night pizza  üòç üçï,homemadepizza.jpg,bluejonie,2:34,yes,no,yes,,,
2193,"i changed my hair color! do you love it, or do you love it? üíô",muchlove.jpg,bluejonie,13:44,yes,no,yes,,,
2194,"chomping on these sandwiches here, with my pops! ü§£",chomp.jpg,bluejonie,36:12,yes,no,yes,,,
2195,cheers!,clanks.jpg,bluejonie,62:01,yes,no,yes,,,
2196,ignore the pasta. i look good here ;),dave3.JPG,notdave,-12:03,yes,no,yes,no,no,no
2197,"i know it's just water, but it was hella good water",dave1.JPG,notdave,13:22,yes,no,yes,,,
2198,smile bishes,dave4.JPG,notdave,40:11,yes,no,yes,,,
2199,this cake aint as sweet as moi,dave2.JPG,notdave,64:33,yes,no,yes,,,
2200,hello Cheddar's!,tracy1.JPG,tracybracy,18:16,yes,no,yes,,,
2201,look how thin!,tracy2.JPG,tracybracy,36:44,yes,no,yes,,,
2202,"ikr, the water looks great! ;)",tracy3.JPG,tracybracy,60:10,yes,no,yes,,,
2203,#tb fully enjoyed myself here üòé,icescream.jpeg,sayarawring,15:33,yes,no,yes,,,
2204,"eat, snap, love is right!",sayah.jpg,sayarawring,36:45,yes,no,yes,,,
2205,#tb couldn't have this day any other way üò¨üçî,yummyburger.jpg,sayarawring,62:22,yes,no,yes,,,
2206,"Beach food, best food #tb",beatrice1.JPG,BeatDaTrice,16:01,yes,no,yes,,,
2207,I scream to go,beatrice2.JPG,BeatDaTrice,38:22,yes,no,yes,,,
2208,"Honestly, wish I knew what I was doing here too",beatrice3.JPG,BeatDaTrice,67:21,yes,no,yes,,,
2209,street food is soooo good!,yuri4.PNG,yurisings,-36:01,yes,no,yes,no,no,yes
2210,"do stupid things, just don't hurt yourself ",yuri2.jpeg,yurisings,-18:22,yes,no,yes,no,no,yes
2211,NOM OM NOM,yuri1.JPG,yurisings,13:21,yes,no,yes,,,
2212,"so we had a competition, and i think i won muahaha",yuri3.HEIC,yurisings,36:52,yes,no,yes,,,
2213,prepping for a yummy dinner tonight!,yuri5.JPG,yurisings,66:24,yes,no,yes,,,
2214,soul food everyone,ng1.png,ashiNG,-12:32,yes,no,yes,no,yes,yes
2215,peaceful night out,ng2.png,ashiNG,23:11,yes,no,yes,,,
2216,fancy round 2,ng3.png,ashiNG,37:21,yes,no,yes,,,
2217,happy in a cup,ng4.png,ashiNG,68:38,yes,no,yes,,,
2218,having an evening drink with these cuties,jason16.jpeg,drinksonyou,-30:32,yes,no,yes,no,no,yes
2219,happy birthday granny!,jason12.jpeg,drinksonyou,-04:52,yes,no,yes,no,no,yes
2220,never too early to drink!,jason17.jpeg,drinksonyou,12:34,yes,no,yes,,,
2221,never too late to drink!,jason14.jpeg,drinksonyou,22:43,yes,no,yes,,,
2222,soul food lunch with these dudes :D,jason15.jpeg,drinksonyou,36:02,yes,no,yes,,,
2223,having a drink with this cutie ;),jason18.jpeg,drinksonyou,46:33,yes,no,yes,,,
2224,brunch time!!!,jason13.jpeg,drinksonyou,58:22,yes,no,yes,,,
2225,this is huge!,ra1.JPG,chaelson,-04:55,yes,no,yes,no,yes,yes
2226,it's mine! all mine!,ra2.JPG,chaelson,20:12,yes,no,yes,,,
2227,donut drinks??,ra3.JPG,chaelson,42:56,yes,no,yes,,,
2228,coffee breakkk,ra4.JPG,chaelson,60:44,yes,no,yes,,,
2229,Taking a break üòç,IMG_8955.jpg,honeylove,48:02,yes,no,yes,,,
2230,üçúsoba noodle! üòç,IMG_9028.jpg,honeylove,05:00,yes,no,yes,,,
2231,A bit early..... but the oatmeal was not too bad.,IMG_9032.jpg,honeylove,06:00,yes,no,yes,,,
2232,‚ù§Ô∏è,hannah3.PNG,hannah-foods,35:32,no,yes,no,,,
2233,hahaaaa üòπ,brad4.PNG,bradlee,40:00,yes,no,yes,,,
2234,Blurry.... but whateva,wedge4.jpeg,alisonwedge,51:01,yes,no,yes,,,
2235,just coffee,IMG_20171218_090206.jpg,james_c,-15:11,yes,no,yes,no,no,yes
2236,Made a pizza.,IMG_20181107_183356749_HDR.jpg,james_c,-10:02,yes,no,yes,no,no,yes
2237,Don't really have much food pictures.... So here is a #tb to a younger me eating cake,IMG_20180106_210600913_LL.jpg,james_c,05:07,yes,no,yes,,,
2238,üòÅ Fun with @zhang_x89,IMG_20170519_185912.jpg,james_c,17:00,yes,no,yes,,,
2239,Random photo of me.,IMG_20181020_141438039_BURST000_COVER_TOP.jpg,james_c,50:05,yes,no,yes,,,
2240,üòã,IMG_20170519_185718.jpg,xin,17:01,yes,no,yes,,,
2241,Any questions??? ü§©,IMG_20161226_164537.jpg,xin,-23:15,yes,no,yes,no,no,no
2242,#tb to good summer times!,IMG_20180616_093809255_BURST000_COVER.jpg,xin,-17:23,yes,no,yes,no,no,yes
2243,"I know, but sometimes they just sooo good.",IMG_20180908_182100516_HDR.jpg,xin,-01:45,yes,no,yes,no,no,yes
2244,This is happy me! üòÇ,IMG_20181028_181537445.jpg,xin,04:12,yes,no,yes,,,
2245,ANother photo of me eating.... ,IMG_20181107_183349480_HDR.jpg,xin,10:45,yes,no,yes,,,
2246,I cant have enough pepper and salt!,IMG_20181020_144920701.jpg,xin,22:22,yes,no,yes,,,
2247,Wish I would be back here....,IMG_20180530_213755098_HDR.jpg,xin,34:21,yes,no,yes,,,
2248,Where is my food???,raquel5.jpg,raqueldunn,40:12,yes,no,yes,,,